model,class,class_idx,precision,recall,sensitivity,f1_score,specificity,support
D_ResNet,Ilmenite,0,0.8,0.8,0.8,0.8,0.9565217391304348,10
D_ResNet,Rutile,1,0.6363636363636364,0.7,0.7,0.6666666666666666,0.9130434782608695,10
D_ResNet,Zircon,2,0.5,0.5555555555555556,0.5555555555555556,0.5263157894736842,0.8936170212765957,9
D_ResNet,Garnet,3,0.7,0.7777777777777778,0.7777777777777778,0.7368421052631579,0.9361702127659575,9
D_ResNet,Monazite,4,0.7142857142857143,0.5555555555555556,0.5555555555555556,0.625,0.9574468085106383,9
D_ResNet,Sillimanite,5,0.875,0.7777777777777778,0.7777777777777778,0.8235294117647058,0.9787234042553191,9
D_ResNet,macro avg,-1,0.7042748917748919,0.6944444444444443,0.6944444444444443,0.6963923288613691,0.9392537773666358,56
D_ResNet,weighted avg,-2,0.7047715677179963,0.6964285714285715,0.6964285714285715,0.6977116504496536,0.9390940927712436,56
D_ResNet,accuracy,-3,0.6964285714285714,0.6964285714285714,0.6964285714285714,0.6964285714285714,,56
