source_image_id,relative_path,folder_name_raw,file_name,extension,file_size_bytes,absolute_path
IMG_0000,Garnet/1.jpg,Garnet,1.jpg,.jpg,29795,/content/BSM-Project/data/raw/BSM/Garnet/1.jpg
IMG_0001,Garnet/10.jpg,Garnet,10.jpg,.jpg,41585,/content/BSM-Project/data/raw/BSM/Garnet/10.jpg
IMG_0002,Garnet/11.jpg,Garnet,11.jpg,.jpg,14546,/content/BSM-Project/data/raw/BSM/Garnet/11.jpg
IMG_0003,Garnet/12.jpg,Garnet,12.jpg,.jpg,17174,/content/BSM-Project/data/raw/BSM/Garnet/12.jpg
IMG_0004,Garnet/13.jpg,Garnet,13.jpg,.jpg,23250,/content/BSM-Project/data/raw/BSM/Garnet/13.jpg
IMG_0005,Garnet/14.jpg,Garnet,14.jpg,.jpg,21121,/content/BSM-Project/data/raw/BSM/Garnet/14.jpg
IMG_0006,Garnet/15.jpg,Garnet,15.jpg,.jpg,16831,/content/BSM-Project/data/raw/BSM/Garnet/15.jpg
IMG_0007,Garnet/16.jpg,Garnet,16.jpg,.jpg,6971,/content/BSM-Project/data/raw/BSM/Garnet/16.jpg
IMG_0008,Garnet/17.jpg,Garnet,17.jpg,.jpg,25417,/content/BSM-Project/data/raw/BSM/Garnet/17.jpg
IMG_0009,Garnet/18.jpg,Garnet,18.jpg,.jpg,17311,/content/BSM-Project/data/raw/BSM/Garnet/18.jpg
IMG_0010,Garnet/19.jpg,Garnet,19.jpg,.jpg,35726,/content/BSM-Project/data/raw/BSM/Garnet/19.jpg
IMG_0011,Garnet/2.jpg,Garnet,2.jpg,.jpg,40167,/content/BSM-Project/data/raw/BSM/Garnet/2.jpg
IMG_0012,Garnet/20.jpg,Garnet,20.jpg,.jpg,40508,/content/BSM-Project/data/raw/BSM/Garnet/20.jpg
IMG_0013,Garnet/21.jpg,Garnet,21.jpg,.jpg,39010,/content/BSM-Project/data/raw/BSM/Garnet/21.jpg
IMG_0014,Garnet/22.jpg,Garnet,22.jpg,.jpg,37475,/content/BSM-Project/data/raw/BSM/Garnet/22.jpg
IMG_0015,Garnet/23.jpg,Garnet,23.jpg,.jpg,46432,/content/BSM-Project/data/raw/BSM/Garnet/23.jpg
IMG_0016,Garnet/24.jpg,Garnet,24.jpg,.jpg,32572,/content/BSM-Project/data/raw/BSM/Garnet/24.jpg
IMG_0017,Garnet/25.jpg,Garnet,25.jpg,.jpg,40626,/content/BSM-Project/data/raw/BSM/Garnet/25.jpg
IMG_0018,Garnet/26.jpg,Garnet,26.jpg,.jpg,54014,/content/BSM-Project/data/raw/BSM/Garnet/26.jpg
IMG_0019,Garnet/27.jpg,Garnet,27.jpg,.jpg,34619,/content/BSM-Project/data/raw/BSM/Garnet/27.jpg
IMG_0020,Garnet/28.jpg,Garnet,28.jpg,.jpg,25936,/content/BSM-Project/data/raw/BSM/Garnet/28.jpg
IMG_0021,Garnet/29.jpg,Garnet,29.jpg,.jpg,41944,/content/BSM-Project/data/raw/BSM/Garnet/29.jpg
IMG_0022,Garnet/3.jpg,Garnet,3.jpg,.jpg,12070,/content/BSM-Project/data/raw/BSM/Garnet/3.jpg
IMG_0023,Garnet/30.jpg,Garnet,30.jpg,.jpg,50920,/content/BSM-Project/data/raw/BSM/Garnet/30.jpg
IMG_0024,Garnet/31.jpg,Garnet,31.jpg,.jpg,31597,/content/BSM-Project/data/raw/BSM/Garnet/31.jpg
IMG_0025,Garnet/32.jpg,Garnet,32.jpg,.jpg,7747,/content/BSM-Project/data/raw/BSM/Garnet/32.jpg
IMG_0026,Garnet/33.jpg,Garnet,33.jpg,.jpg,60794,/content/BSM-Project/data/raw/BSM/Garnet/33.jpg
IMG_0027,Garnet/34.jpg,Garnet,34.jpg,.jpg,35583,/content/BSM-Project/data/raw/BSM/Garnet/34.jpg
IMG_0028,Garnet/35.jpg,Garnet,35.jpg,.jpg,37819,/content/BSM-Project/data/raw/BSM/Garnet/35.jpg
IMG_0029,Garnet/36.jpg,Garnet,36.jpg,.jpg,28324,/content/BSM-Project/data/raw/BSM/Garnet/36.jpg
IMG_0030,Garnet/37.jpg,Garnet,37.jpg,.jpg,35369,/content/BSM-Project/data/raw/BSM/Garnet/37.jpg
IMG_0031,Garnet/38.jpg,Garnet,38.jpg,.jpg,44940,/content/BSM-Project/data/raw/BSM/Garnet/38.jpg
IMG_0032,Garnet/39.jpg,Garnet,39.jpg,.jpg,48628,/content/BSM-Project/data/raw/BSM/Garnet/39.jpg
IMG_0033,Garnet/4.jpg,Garnet,4.jpg,.jpg,23140,/content/BSM-Project/data/raw/BSM/Garnet/4.jpg
IMG_0034,Garnet/40.jpg,Garnet,40.jpg,.jpg,12351,/content/BSM-Project/data/raw/BSM/Garnet/40.jpg
IMG_0035,Garnet/41.jpg,Garnet,41.jpg,.jpg,33375,/content/BSM-Project/data/raw/BSM/Garnet/41.jpg
IMG_0036,Garnet/42.jpg,Garnet,42.jpg,.jpg,32962,/content/BSM-Project/data/raw/BSM/Garnet/42.jpg
IMG_0037,Garnet/43.jpg,Garnet,43.jpg,.jpg,27615,/content/BSM-Project/data/raw/BSM/Garnet/43.jpg
IMG_0038,Garnet/44.jpg,Garnet,44.jpg,.jpg,46956,/content/BSM-Project/data/raw/BSM/Garnet/44.jpg
IMG_0039,Garnet/45.jpg,Garnet,45.jpg,.jpg,21133,/content/BSM-Project/data/raw/BSM/Garnet/45.jpg
IMG_0040,Garnet/46.jpg,Garnet,46.jpg,.jpg,52958,/content/BSM-Project/data/raw/BSM/Garnet/46.jpg
IMG_0041,Garnet/47.jpg,Garnet,47.jpg,.jpg,35557,/content/BSM-Project/data/raw/BSM/Garnet/47.jpg
IMG_0042,Garnet/48.jpg,Garnet,48.jpg,.jpg,12261,/content/BSM-Project/data/raw/BSM/Garnet/48.jpg
IMG_0043,Garnet/49.jpg,Garnet,49.jpg,.jpg,46704,/content/BSM-Project/data/raw/BSM/Garnet/49.jpg
IMG_0044,Garnet/5.jpg,Garnet,5.jpg,.jpg,15064,/content/BSM-Project/data/raw/BSM/Garnet/5.jpg
IMG_0045,Garnet/50.jpg,Garnet,50.jpg,.jpg,62343,/content/BSM-Project/data/raw/BSM/Garnet/50.jpg
IMG_0046,Garnet/51.jpg,Garnet,51.jpg,.jpg,22853,/content/BSM-Project/data/raw/BSM/Garnet/51.jpg
IMG_0047,Garnet/52.jpg,Garnet,52.jpg,.jpg,38769,/content/BSM-Project/data/raw/BSM/Garnet/52.jpg
IMG_0048,Garnet/53.jpg,Garnet,53.jpg,.jpg,51210,/content/BSM-Project/data/raw/BSM/Garnet/53.jpg
IMG_0049,Garnet/54.jpg,Garnet,54.jpg,.jpg,32045,/content/BSM-Project/data/raw/BSM/Garnet/54.jpg
IMG_0050,Garnet/55.jpg,Garnet,55.jpg,.jpg,14588,/content/BSM-Project/data/raw/BSM/Garnet/55.jpg
IMG_0051,Garnet/56.jpg,Garnet,56.jpg,.jpg,14908,/content/BSM-Project/data/raw/BSM/Garnet/56.jpg
IMG_0052,Garnet/57.jpg,Garnet,57.jpg,.jpg,29417,/content/BSM-Project/data/raw/BSM/Garnet/57.jpg
IMG_0053,Garnet/58.jpg,Garnet,58.jpg,.jpg,32146,/content/BSM-Project/data/raw/BSM/Garnet/58.jpg
IMG_0054,Garnet/59.jpg,Garnet,59.jpg,.jpg,45707,/content/BSM-Project/data/raw/BSM/Garnet/59.jpg
IMG_0055,Garnet/6.jpg,Garnet,6.jpg,.jpg,24770,/content/BSM-Project/data/raw/BSM/Garnet/6.jpg
IMG_0056,Garnet/60.jpg,Garnet,60.jpg,.jpg,38559,/content/BSM-Project/data/raw/BSM/Garnet/60.jpg
IMG_0057,Garnet/7.jpg,Garnet,7.jpg,.jpg,21982,/content/BSM-Project/data/raw/BSM/Garnet/7.jpg
IMG_0058,Garnet/8.jpg,Garnet,8.jpg,.jpg,7272,/content/BSM-Project/data/raw/BSM/Garnet/8.jpg
IMG_0059,Garnet/9.jpg,Garnet,9.jpg,.jpg,19167,/content/BSM-Project/data/raw/BSM/Garnet/9.jpg
IMG_0060,Ilmenite/1.jpg,Ilmenite,1.jpg,.jpg,11605,/content/BSM-Project/data/raw/BSM/Ilmenite/1.jpg
IMG_0061,Ilmenite/10.jpg,Ilmenite,10.jpg,.jpg,16401,/content/BSM-Project/data/raw/BSM/Ilmenite/10.jpg
IMG_0062,Ilmenite/11.jpg,Ilmenite,11.jpg,.jpg,10071,/content/BSM-Project/data/raw/BSM/Ilmenite/11.jpg
IMG_0063,Ilmenite/12.jpg,Ilmenite,12.jpg,.jpg,12840,/content/BSM-Project/data/raw/BSM/Ilmenite/12.jpg
IMG_0064,Ilmenite/13.jpg,Ilmenite,13.jpg,.jpg,16398,/content/BSM-Project/data/raw/BSM/Ilmenite/13.jpg
IMG_0065,Ilmenite/14.jpg,Ilmenite,14.jpg,.jpg,12034,/content/BSM-Project/data/raw/BSM/Ilmenite/14.jpg
IMG_0066,Ilmenite/15.jpg,Ilmenite,15.jpg,.jpg,11244,/content/BSM-Project/data/raw/BSM/Ilmenite/15.jpg
IMG_0067,Ilmenite/16.jpg,Ilmenite,16.jpg,.jpg,8730,/content/BSM-Project/data/raw/BSM/Ilmenite/16.jpg
IMG_0068,Ilmenite/17.jpg,Ilmenite,17.jpg,.jpg,16533,/content/BSM-Project/data/raw/BSM/Ilmenite/17.jpg
IMG_0069,Ilmenite/18.jpg,Ilmenite,18.jpg,.jpg,16803,/content/BSM-Project/data/raw/BSM/Ilmenite/18.jpg
IMG_0070,Ilmenite/19.jpg,Ilmenite,19.jpg,.jpg,17869,/content/BSM-Project/data/raw/BSM/Ilmenite/19.jpg
IMG_0071,Ilmenite/2.jpg,Ilmenite,2.jpg,.jpg,9183,/content/BSM-Project/data/raw/BSM/Ilmenite/2.jpg
IMG_0072,Ilmenite/20.jpg,Ilmenite,20.jpg,.jpg,19779,/content/BSM-Project/data/raw/BSM/Ilmenite/20.jpg
IMG_0073,Ilmenite/21.jpg,Ilmenite,21.jpg,.jpg,11337,/content/BSM-Project/data/raw/BSM/Ilmenite/21.jpg
IMG_0074,Ilmenite/22.jpg,Ilmenite,22.jpg,.jpg,12168,/content/BSM-Project/data/raw/BSM/Ilmenite/22.jpg
IMG_0075,Ilmenite/23.jpg,Ilmenite,23.jpg,.jpg,19361,/content/BSM-Project/data/raw/BSM/Ilmenite/23.jpg
IMG_0076,Ilmenite/24.jpg,Ilmenite,24.jpg,.jpg,9970,/content/BSM-Project/data/raw/BSM/Ilmenite/24.jpg
IMG_0077,Ilmenite/25.jpg,Ilmenite,25.jpg,.jpg,12342,/content/BSM-Project/data/raw/BSM/Ilmenite/25.jpg
IMG_0078,Ilmenite/26.jpg,Ilmenite,26.jpg,.jpg,9949,/content/BSM-Project/data/raw/BSM/Ilmenite/26.jpg
IMG_0079,Ilmenite/27.jpg,Ilmenite,27.jpg,.jpg,12044,/content/BSM-Project/data/raw/BSM/Ilmenite/27.jpg
IMG_0080,Ilmenite/28.jpg,Ilmenite,28.jpg,.jpg,10158,/content/BSM-Project/data/raw/BSM/Ilmenite/28.jpg
IMG_0081,Ilmenite/29.jpg,Ilmenite,29.jpg,.jpg,10376,/content/BSM-Project/data/raw/BSM/Ilmenite/29.jpg
IMG_0082,Ilmenite/3.jpg,Ilmenite,3.jpg,.jpg,12582,/content/BSM-Project/data/raw/BSM/Ilmenite/3.jpg
IMG_0083,Ilmenite/30.jpg,Ilmenite,30.jpg,.jpg,18911,/content/BSM-Project/data/raw/BSM/Ilmenite/30.jpg
IMG_0084,Ilmenite/31.jpg,Ilmenite,31.jpg,.jpg,9553,/content/BSM-Project/data/raw/BSM/Ilmenite/31.jpg
IMG_0085,Ilmenite/32.jpg,Ilmenite,32.jpg,.jpg,18604,/content/BSM-Project/data/raw/BSM/Ilmenite/32.jpg
IMG_0086,Ilmenite/33.jpg,Ilmenite,33.jpg,.jpg,11682,/content/BSM-Project/data/raw/BSM/Ilmenite/33.jpg
IMG_0087,Ilmenite/34.jpg,Ilmenite,34.jpg,.jpg,12968,/content/BSM-Project/data/raw/BSM/Ilmenite/34.jpg
IMG_0088,Ilmenite/35.jpg,Ilmenite,35.jpg,.jpg,17930,/content/BSM-Project/data/raw/BSM/Ilmenite/35.jpg
IMG_0089,Ilmenite/36.jpg,Ilmenite,36.jpg,.jpg,17182,/content/BSM-Project/data/raw/BSM/Ilmenite/36.jpg
IMG_0090,Ilmenite/37.jpg,Ilmenite,37.jpg,.jpg,12225,/content/BSM-Project/data/raw/BSM/Ilmenite/37.jpg
IMG_0091,Ilmenite/38.jpg,Ilmenite,38.jpg,.jpg,9203,/content/BSM-Project/data/raw/BSM/Ilmenite/38.jpg
IMG_0092,Ilmenite/39.jpg,Ilmenite,39.jpg,.jpg,17224,/content/BSM-Project/data/raw/BSM/Ilmenite/39.jpg
IMG_0093,Ilmenite/4.jpg,Ilmenite,4.jpg,.jpg,13859,/content/BSM-Project/data/raw/BSM/Ilmenite/4.jpg
IMG_0094,Ilmenite/40.jpg,Ilmenite,40.jpg,.jpg,13557,/content/BSM-Project/data/raw/BSM/Ilmenite/40.jpg
IMG_0095,Ilmenite/41.jpg,Ilmenite,41.jpg,.jpg,15406,/content/BSM-Project/data/raw/BSM/Ilmenite/41.jpg
IMG_0096,Ilmenite/42.jpg,Ilmenite,42.jpg,.jpg,12887,/content/BSM-Project/data/raw/BSM/Ilmenite/42.jpg
IMG_0097,Ilmenite/43.jpg,Ilmenite,43.jpg,.jpg,10982,/content/BSM-Project/data/raw/BSM/Ilmenite/43.jpg
IMG_0098,Ilmenite/44.jpg,Ilmenite,44.jpg,.jpg,18476,/content/BSM-Project/data/raw/BSM/Ilmenite/44.jpg
IMG_0099,Ilmenite/45.jpg,Ilmenite,45.jpg,.jpg,16116,/content/BSM-Project/data/raw/BSM/Ilmenite/45.jpg
IMG_0100,Ilmenite/46.jpg,Ilmenite,46.jpg,.jpg,12478,/content/BSM-Project/data/raw/BSM/Ilmenite/46.jpg
IMG_0101,Ilmenite/47.jpg,Ilmenite,47.jpg,.jpg,10623,/content/BSM-Project/data/raw/BSM/Ilmenite/47.jpg
IMG_0102,Ilmenite/48.jpg,Ilmenite,48.jpg,.jpg,18268,/content/BSM-Project/data/raw/BSM/Ilmenite/48.jpg
IMG_0103,Ilmenite/49.jpg,Ilmenite,49.jpg,.jpg,13080,/content/BSM-Project/data/raw/BSM/Ilmenite/49.jpg
IMG_0104,Ilmenite/5.jpg,Ilmenite,5.jpg,.jpg,14515,/content/BSM-Project/data/raw/BSM/Ilmenite/5.jpg
IMG_0105,Ilmenite/50.jpg,Ilmenite,50.jpg,.jpg,16924,/content/BSM-Project/data/raw/BSM/Ilmenite/50.jpg
IMG_0106,Ilmenite/51.jpg,Ilmenite,51.jpg,.jpg,16398,/content/BSM-Project/data/raw/BSM/Ilmenite/51.jpg
IMG_0107,Ilmenite/52.jpg,Ilmenite,52.jpg,.jpg,22820,/content/BSM-Project/data/raw/BSM/Ilmenite/52.jpg
IMG_0108,Ilmenite/53.jpg,Ilmenite,53.jpg,.jpg,22786,/content/BSM-Project/data/raw/BSM/Ilmenite/53.jpg
IMG_0109,Ilmenite/54.jpg,Ilmenite,54.jpg,.jpg,8805,/content/BSM-Project/data/raw/BSM/Ilmenite/54.jpg
IMG_0110,Ilmenite/55.jpg,Ilmenite,55.jpg,.jpg,10764,/content/BSM-Project/data/raw/BSM/Ilmenite/55.jpg
IMG_0111,Ilmenite/56.jpg,Ilmenite,56.jpg,.jpg,11034,/content/BSM-Project/data/raw/BSM/Ilmenite/56.jpg
IMG_0112,Ilmenite/57.jpg,Ilmenite,57.jpg,.jpg,18110,/content/BSM-Project/data/raw/BSM/Ilmenite/57.jpg
IMG_0113,Ilmenite/58.jpg,Ilmenite,58.jpg,.jpg,17850,/content/BSM-Project/data/raw/BSM/Ilmenite/58.jpg
IMG_0114,Ilmenite/59.jpg,Ilmenite,59.jpg,.jpg,18484,/content/BSM-Project/data/raw/BSM/Ilmenite/59.jpg
IMG_0115,Ilmenite/6.jpg,Ilmenite,6.jpg,.jpg,11487,/content/BSM-Project/data/raw/BSM/Ilmenite/6.jpg
IMG_0116,Ilmenite/60.jpg,Ilmenite,60.jpg,.jpg,17655,/content/BSM-Project/data/raw/BSM/Ilmenite/60.jpg
IMG_0117,Ilmenite/61.jpg,Ilmenite,61.jpg,.jpg,10603,/content/BSM-Project/data/raw/BSM/Ilmenite/61.jpg
IMG_0118,Ilmenite/62.jpg,Ilmenite,62.jpg,.jpg,11447,/content/BSM-Project/data/raw/BSM/Ilmenite/62.jpg
IMG_0119,Ilmenite/7.jpg,Ilmenite,7.jpg,.jpg,12517,/content/BSM-Project/data/raw/BSM/Ilmenite/7.jpg
IMG_0120,Ilmenite/8.jpg,Ilmenite,8.jpg,.jpg,18786,/content/BSM-Project/data/raw/BSM/Ilmenite/8.jpg
IMG_0121,Ilmenite/9.jpg,Ilmenite,9.jpg,.jpg,13892,/content/BSM-Project/data/raw/BSM/Ilmenite/9.jpg
IMG_0122,Monazite/1.jpg,Monazite,1.jpg,.jpg,12962,/content/BSM-Project/data/raw/BSM/Monazite/1.jpg
IMG_0123,Monazite/10.jpg,Monazite,10.jpg,.jpg,14590,/content/BSM-Project/data/raw/BSM/Monazite/10.jpg
IMG_0124,Monazite/11.jpg,Monazite,11.jpg,.jpg,18728,/content/BSM-Project/data/raw/BSM/Monazite/11.jpg
IMG_0125,Monazite/12.jpg,Monazite,12.jpg,.jpg,10285,/content/BSM-Project/data/raw/BSM/Monazite/12.jpg
IMG_0126,Monazite/13.jpg,Monazite,13.jpg,.jpg,6619,/content/BSM-Project/data/raw/BSM/Monazite/13.jpg
IMG_0127,Monazite/14.jpg,Monazite,14.jpg,.jpg,11343,/content/BSM-Project/data/raw/BSM/Monazite/14.jpg
IMG_0128,Monazite/15.jpg,Monazite,15.jpg,.jpg,8962,/content/BSM-Project/data/raw/BSM/Monazite/15.jpg
IMG_0129,Monazite/16.jpg,Monazite,16.jpg,.jpg,8948,/content/BSM-Project/data/raw/BSM/Monazite/16.jpg
IMG_0130,Monazite/17.jpg,Monazite,17.jpg,.jpg,36958,/content/BSM-Project/data/raw/BSM/Monazite/17.jpg
IMG_0131,Monazite/18.jpg,Monazite,18.jpg,.jpg,10587,/content/BSM-Project/data/raw/BSM/Monazite/18.jpg
IMG_0132,Monazite/19.jpg,Monazite,19.jpg,.jpg,23677,/content/BSM-Project/data/raw/BSM/Monazite/19.jpg
IMG_0133,Monazite/2.jpg,Monazite,2.jpg,.jpg,25939,/content/BSM-Project/data/raw/BSM/Monazite/2.jpg
IMG_0134,Monazite/20.jpg,Monazite,20.jpg,.jpg,14468,/content/BSM-Project/data/raw/BSM/Monazite/20.jpg
IMG_0135,Monazite/21.jpg,Monazite,21.jpg,.jpg,9959,/content/BSM-Project/data/raw/BSM/Monazite/21.jpg
IMG_0136,Monazite/22.jpg,Monazite,22.jpg,.jpg,23234,/content/BSM-Project/data/raw/BSM/Monazite/22.jpg
IMG_0137,Monazite/23.jpg,Monazite,23.jpg,.jpg,12861,/content/BSM-Project/data/raw/BSM/Monazite/23.jpg
IMG_0138,Monazite/24.jpg,Monazite,24.jpg,.jpg,47998,/content/BSM-Project/data/raw/BSM/Monazite/24.jpg
IMG_0139,Monazite/25.jpg,Monazite,25.jpg,.jpg,16289,/content/BSM-Project/data/raw/BSM/Monazite/25.jpg
IMG_0140,Monazite/26.jpg,Monazite,26.jpg,.jpg,16351,/content/BSM-Project/data/raw/BSM/Monazite/26.jpg
IMG_0141,Monazite/27.jpg,Monazite,27.jpg,.jpg,15547,/content/BSM-Project/data/raw/BSM/Monazite/27.jpg
IMG_0142,Monazite/28.jpg,Monazite,28.jpg,.jpg,4562,/content/BSM-Project/data/raw/BSM/Monazite/28.jpg
IMG_0143,Monazite/29.jpg,Monazite,29.jpg,.jpg,22751,/content/BSM-Project/data/raw/BSM/Monazite/29.jpg
IMG_0144,Monazite/3.jpg,Monazite,3.jpg,.jpg,24670,/content/BSM-Project/data/raw/BSM/Monazite/3.jpg
IMG_0145,Monazite/30.jpg,Monazite,30.jpg,.jpg,21788,/content/BSM-Project/data/raw/BSM/Monazite/30.jpg
IMG_0146,Monazite/31.jpg,Monazite,31.jpg,.jpg,9624,/content/BSM-Project/data/raw/BSM/Monazite/31.jpg
IMG_0147,Monazite/32.jpg,Monazite,32.jpg,.jpg,16337,/content/BSM-Project/data/raw/BSM/Monazite/32.jpg
IMG_0148,Monazite/33.jpg,Monazite,33.jpg,.jpg,11346,/content/BSM-Project/data/raw/BSM/Monazite/33.jpg
IMG_0149,Monazite/34.jpg,Monazite,34.jpg,.jpg,11405,/content/BSM-Project/data/raw/BSM/Monazite/34.jpg
IMG_0150,Monazite/35.jpg,Monazite,35.jpg,.jpg,13820,/content/BSM-Project/data/raw/BSM/Monazite/35.jpg
IMG_0151,Monazite/36.jpg,Monazite,36.jpg,.jpg,5486,/content/BSM-Project/data/raw/BSM/Monazite/36.jpg
IMG_0152,Monazite/37.jpg,Monazite,37.jpg,.jpg,14914,/content/BSM-Project/data/raw/BSM/Monazite/37.jpg
IMG_0153,Monazite/38.jpg,Monazite,38.jpg,.jpg,10868,/content/BSM-Project/data/raw/BSM/Monazite/38.jpg
IMG_0154,Monazite/39.jpg,Monazite,39.jpg,.jpg,12708,/content/BSM-Project/data/raw/BSM/Monazite/39.jpg
IMG_0155,Monazite/4.jpg,Monazite,4.jpg,.jpg,8858,/content/BSM-Project/data/raw/BSM/Monazite/4.jpg
IMG_0156,Monazite/40.jpg,Monazite,40.jpg,.jpg,11857,/content/BSM-Project/data/raw/BSM/Monazite/40.jpg
IMG_0157,Monazite/41.jpg,Monazite,41.jpg,.jpg,11337,/content/BSM-Project/data/raw/BSM/Monazite/41.jpg
IMG_0158,Monazite/42.jpg,Monazite,42.jpg,.jpg,8874,/content/BSM-Project/data/raw/BSM/Monazite/42.jpg
IMG_0159,Monazite/43.jpg,Monazite,43.jpg,.jpg,8099,/content/BSM-Project/data/raw/BSM/Monazite/43.jpg
IMG_0160,Monazite/44.jpg,Monazite,44.jpg,.jpg,7185,/content/BSM-Project/data/raw/BSM/Monazite/44.jpg
IMG_0161,Monazite/45.jpg,Monazite,45.jpg,.jpg,12872,/content/BSM-Project/data/raw/BSM/Monazite/45.jpg
IMG_0162,Monazite/46.jpg,Monazite,46.jpg,.jpg,13441,/content/BSM-Project/data/raw/BSM/Monazite/46.jpg
IMG_0163,Monazite/47.jpg,Monazite,47.jpg,.jpg,55880,/content/BSM-Project/data/raw/BSM/Monazite/47.jpg
IMG_0164,Monazite/48.jpg,Monazite,48.jpg,.jpg,33367,/content/BSM-Project/data/raw/BSM/Monazite/48.jpg
IMG_0165,Monazite/49.jpg,Monazite,49.jpg,.jpg,55275,/content/BSM-Project/data/raw/BSM/Monazite/49.jpg
IMG_0166,Monazite/5.jpg,Monazite,5.jpg,.jpg,11859,/content/BSM-Project/data/raw/BSM/Monazite/5.jpg
IMG_0167,Monazite/50.jpg,Monazite,50.jpg,.jpg,65207,/content/BSM-Project/data/raw/BSM/Monazite/50.jpg
IMG_0168,Monazite/51.jpg,Monazite,51.jpg,.jpg,21975,/content/BSM-Project/data/raw/BSM/Monazite/51.jpg
IMG_0169,Monazite/52.jpg,Monazite,52.jpg,.jpg,21644,/content/BSM-Project/data/raw/BSM/Monazite/52.jpg
IMG_0170,Monazite/53.jpg,Monazite,53.jpg,.jpg,18887,/content/BSM-Project/data/raw/BSM/Monazite/53.jpg
IMG_0171,Monazite/54.jpg,Monazite,54.jpg,.jpg,59056,/content/BSM-Project/data/raw/BSM/Monazite/54.jpg
IMG_0172,Monazite/55.jpg,Monazite,55.jpg,.jpg,168769,/content/BSM-Project/data/raw/BSM/Monazite/55.jpg
IMG_0173,Monazite/56.jpg,Monazite,56.jpg,.jpg,26314,/content/BSM-Project/data/raw/BSM/Monazite/56.jpg
IMG_0174,Monazite/57.jpg,Monazite,57.jpg,.jpg,121398,/content/BSM-Project/data/raw/BSM/Monazite/57.jpg
IMG_0175,Monazite/58.jpg,Monazite,58.jpg,.jpg,78468,/content/BSM-Project/data/raw/BSM/Monazite/58.jpg
IMG_0176,Monazite/59.jpg,Monazite,59.jpg,.jpg,30344,/content/BSM-Project/data/raw/BSM/Monazite/59.jpg
IMG_0177,Monazite/6.jpg,Monazite,6.jpg,.jpg,9093,/content/BSM-Project/data/raw/BSM/Monazite/6.jpg
IMG_0178,Monazite/60.jpg,Monazite,60.jpg,.jpg,22834,/content/BSM-Project/data/raw/BSM/Monazite/60.jpg
IMG_0179,Monazite/7.jpg,Monazite,7.jpg,.jpg,25414,/content/BSM-Project/data/raw/BSM/Monazite/7.jpg
IMG_0180,Monazite/8.jpg,Monazite,8.jpg,.jpg,5859,/content/BSM-Project/data/raw/BSM/Monazite/8.jpg
IMG_0181,Monazite/9.jpg,Monazite,9.jpg,.jpg,8565,/content/BSM-Project/data/raw/BSM/Monazite/9.jpg
IMG_0182,Rutile/10.jpg,Rutile,10.jpg,.jpg,11349,/content/BSM-Project/data/raw/BSM/Rutile/10.jpg
IMG_0183,Rutile/11.jpg,Rutile,11.jpg,.jpg,9888,/content/BSM-Project/data/raw/BSM/Rutile/11.jpg
IMG_0184,Rutile/12.jpg,Rutile,12.jpg,.jpg,10132,/content/BSM-Project/data/raw/BSM/Rutile/12.jpg
IMG_0185,Rutile/13.jpg,Rutile,13.jpg,.jpg,15295,/content/BSM-Project/data/raw/BSM/Rutile/13.jpg
IMG_0186,Rutile/14.jpg,Rutile,14.jpg,.jpg,6095,/content/BSM-Project/data/raw/BSM/Rutile/14.jpg
IMG_0187,Rutile/15.jpg,Rutile,15.jpg,.jpg,11123,/content/BSM-Project/data/raw/BSM/Rutile/15.jpg
IMG_0188,Rutile/16.jpg,Rutile,16.jpg,.jpg,4465,/content/BSM-Project/data/raw/BSM/Rutile/16.jpg
IMG_0189,Rutile/17.jpg,Rutile,17.jpg,.jpg,11793,/content/BSM-Project/data/raw/BSM/Rutile/17.jpg
IMG_0190,Rutile/18.jpg,Rutile,18.jpg,.jpg,8423,/content/BSM-Project/data/raw/BSM/Rutile/18.jpg
IMG_0191,Rutile/19.jpg,Rutile,19.jpg,.jpg,4110,/content/BSM-Project/data/raw/BSM/Rutile/19.jpg
IMG_0192,Rutile/2.jpg,Rutile,2.jpg,.jpg,9451,/content/BSM-Project/data/raw/BSM/Rutile/2.jpg
IMG_0193,Rutile/20.jpg,Rutile,20.jpg,.jpg,9770,/content/BSM-Project/data/raw/BSM/Rutile/20.jpg
IMG_0194,Rutile/21.jpg,Rutile,21.jpg,.jpg,5920,/content/BSM-Project/data/raw/BSM/Rutile/21.jpg
IMG_0195,Rutile/22.jpg,Rutile,22.jpg,.jpg,11271,/content/BSM-Project/data/raw/BSM/Rutile/22.jpg
IMG_0196,Rutile/23.jpg,Rutile,23.jpg,.jpg,11768,/content/BSM-Project/data/raw/BSM/Rutile/23.jpg
IMG_0197,Rutile/24.jpg,Rutile,24.jpg,.jpg,21696,/content/BSM-Project/data/raw/BSM/Rutile/24.jpg
IMG_0198,Rutile/25.jpg,Rutile,25.jpg,.jpg,5430,/content/BSM-Project/data/raw/BSM/Rutile/25.jpg
IMG_0199,Rutile/26.jpg,Rutile,26.jpg,.jpg,13159,/content/BSM-Project/data/raw/BSM/Rutile/26.jpg
IMG_0200,Rutile/27.jpg,Rutile,27.jpg,.jpg,10596,/content/BSM-Project/data/raw/BSM/Rutile/27.jpg
IMG_0201,Rutile/29.jpg,Rutile,29.jpg,.jpg,8707,/content/BSM-Project/data/raw/BSM/Rutile/29.jpg
IMG_0202,Rutile/3.jpg,Rutile,3.jpg,.jpg,9282,/content/BSM-Project/data/raw/BSM/Rutile/3.jpg
IMG_0203,Rutile/30.jpg,Rutile,30.jpg,.jpg,12101,/content/BSM-Project/data/raw/BSM/Rutile/30.jpg
IMG_0204,Rutile/32.jpg,Rutile,32.jpg,.jpg,12389,/content/BSM-Project/data/raw/BSM/Rutile/32.jpg
IMG_0205,Rutile/33.jpg,Rutile,33.jpg,.jpg,8464,/content/BSM-Project/data/raw/BSM/Rutile/33.jpg
IMG_0206,Rutile/34.jpg,Rutile,34.jpg,.jpg,12442,/content/BSM-Project/data/raw/BSM/Rutile/34.jpg
IMG_0207,Rutile/35.jpg,Rutile,35.jpg,.jpg,18891,/content/BSM-Project/data/raw/BSM/Rutile/35.jpg
IMG_0208,Rutile/36.jpg,Rutile,36.jpg,.jpg,5006,/content/BSM-Project/data/raw/BSM/Rutile/36.jpg
IMG_0209,Rutile/37.jpg,Rutile,37.jpg,.jpg,13330,/content/BSM-Project/data/raw/BSM/Rutile/37.jpg
IMG_0210,Rutile/38.jpg,Rutile,38.jpg,.jpg,13759,/content/BSM-Project/data/raw/BSM/Rutile/38.jpg
IMG_0211,Rutile/39.jpg,Rutile,39.jpg,.jpg,4531,/content/BSM-Project/data/raw/BSM/Rutile/39.jpg
IMG_0212,Rutile/4.jpg,Rutile,4.jpg,.jpg,3020,/content/BSM-Project/data/raw/BSM/Rutile/4.jpg
IMG_0213,Rutile/40.jpg,Rutile,40.jpg,.jpg,17057,/content/BSM-Project/data/raw/BSM/Rutile/40.jpg
IMG_0214,Rutile/41.jpg,Rutile,41.jpg,.jpg,13430,/content/BSM-Project/data/raw/BSM/Rutile/41.jpg
IMG_0215,Rutile/42.jpg,Rutile,42.jpg,.jpg,8293,/content/BSM-Project/data/raw/BSM/Rutile/42.jpg
IMG_0216,Rutile/43.jpg,Rutile,43.jpg,.jpg,11116,/content/BSM-Project/data/raw/BSM/Rutile/43.jpg
IMG_0217,Rutile/44.jpg,Rutile,44.jpg,.jpg,8908,/content/BSM-Project/data/raw/BSM/Rutile/44.jpg
IMG_0218,Rutile/45.jpg,Rutile,45.jpg,.jpg,7524,/content/BSM-Project/data/raw/BSM/Rutile/45.jpg
IMG_0219,Rutile/47.jpg,Rutile,47.jpg,.jpg,6769,/content/BSM-Project/data/raw/BSM/Rutile/47.jpg
IMG_0220,Rutile/48.jpg,Rutile,48.jpg,.jpg,19521,/content/BSM-Project/data/raw/BSM/Rutile/48.jpg
IMG_0221,Rutile/49.jpg,Rutile,49.jpg,.jpg,6033,/content/BSM-Project/data/raw/BSM/Rutile/49.jpg
IMG_0222,Rutile/50.jpg,Rutile,50.jpg,.jpg,9740,/content/BSM-Project/data/raw/BSM/Rutile/50.jpg
IMG_0223,Rutile/51.jpg,Rutile,51.jpg,.jpg,7818,/content/BSM-Project/data/raw/BSM/Rutile/51.jpg
IMG_0224,Rutile/52.jpg,Rutile,52.jpg,.jpg,7777,/content/BSM-Project/data/raw/BSM/Rutile/52.jpg
IMG_0225,Rutile/53.jpg,Rutile,53.jpg,.jpg,10001,/content/BSM-Project/data/raw/BSM/Rutile/53.jpg
IMG_0226,Rutile/54.jpg,Rutile,54.jpg,.jpg,7436,/content/BSM-Project/data/raw/BSM/Rutile/54.jpg
IMG_0227,Rutile/55.jpg,Rutile,55.jpg,.jpg,10579,/content/BSM-Project/data/raw/BSM/Rutile/55.jpg
IMG_0228,Rutile/56.jpg,Rutile,56.jpg,.jpg,8296,/content/BSM-Project/data/raw/BSM/Rutile/56.jpg
IMG_0229,Rutile/57.jpg,Rutile,57.jpg,.jpg,8522,/content/BSM-Project/data/raw/BSM/Rutile/57.jpg
IMG_0230,Rutile/58.jpg,Rutile,58.jpg,.jpg,13286,/content/BSM-Project/data/raw/BSM/Rutile/58.jpg
IMG_0231,Rutile/59.jpg,Rutile,59.jpg,.jpg,8785,/content/BSM-Project/data/raw/BSM/Rutile/59.jpg
IMG_0232,Rutile/6.jpg,Rutile,6.jpg,.jpg,3961,/content/BSM-Project/data/raw/BSM/Rutile/6.jpg
IMG_0233,Rutile/60.jpg,Rutile,60.jpg,.jpg,12040,/content/BSM-Project/data/raw/BSM/Rutile/60.jpg
IMG_0234,Rutile/61.jpg,Rutile,61.jpg,.jpg,7506,/content/BSM-Project/data/raw/BSM/Rutile/61.jpg
IMG_0235,Rutile/62.jpg,Rutile,62.jpg,.jpg,13590,/content/BSM-Project/data/raw/BSM/Rutile/62.jpg
IMG_0236,Rutile/63.jpg,Rutile,63.jpg,.jpg,9724,/content/BSM-Project/data/raw/BSM/Rutile/63.jpg
IMG_0237,Rutile/64.jpg,Rutile,64.jpg,.jpg,17176,/content/BSM-Project/data/raw/BSM/Rutile/64.jpg
IMG_0238,Rutile/65.jpg,Rutile,65.jpg,.jpg,13166,/content/BSM-Project/data/raw/BSM/Rutile/65.jpg
IMG_0239,Rutile/66.jpg,Rutile,66.jpg,.jpg,7362,/content/BSM-Project/data/raw/BSM/Rutile/66.jpg
IMG_0240,Rutile/67.jpg,Rutile,67.jpg,.jpg,10972,/content/BSM-Project/data/raw/BSM/Rutile/67.jpg
IMG_0241,Rutile/68.jpg,Rutile,68.jpg,.jpg,13160,/content/BSM-Project/data/raw/BSM/Rutile/68.jpg
IMG_0242,Rutile/69.jpg,Rutile,69.jpg,.jpg,9095,/content/BSM-Project/data/raw/BSM/Rutile/69.jpg
IMG_0243,Rutile/7.jpg,Rutile,7.jpg,.jpg,7166,/content/BSM-Project/data/raw/BSM/Rutile/7.jpg
IMG_0244,Rutile/70.jpg,Rutile,70.jpg,.jpg,12822,/content/BSM-Project/data/raw/BSM/Rutile/70.jpg
IMG_0245,Rutile/71.jpg,Rutile,71.jpg,.jpg,8918,/content/BSM-Project/data/raw/BSM/Rutile/71.jpg
IMG_0246,Rutile/8.jpg,Rutile,8.jpg,.jpg,11640,/content/BSM-Project/data/raw/BSM/Rutile/8.jpg
IMG_0247,Rutile/9.jpg,Rutile,9.jpg,.jpg,12738,/content/BSM-Project/data/raw/BSM/Rutile/9.jpg
IMG_0248,Sillimanite/1.jpg,Sillimanite,1.jpg,.jpg,17433,/content/BSM-Project/data/raw/BSM/Sillimanite/1.jpg
IMG_0249,Sillimanite/10.jpg,Sillimanite,10.jpg,.jpg,30596,/content/BSM-Project/data/raw/BSM/Sillimanite/10.jpg
IMG_0250,Sillimanite/11.jpg,Sillimanite,11.jpg,.jpg,31115,/content/BSM-Project/data/raw/BSM/Sillimanite/11.jpg
IMG_0251,Sillimanite/12.jpg,Sillimanite,12.jpg,.jpg,29100,/content/BSM-Project/data/raw/BSM/Sillimanite/12.jpg
IMG_0252,Sillimanite/13.jpg,Sillimanite,13.jpg,.jpg,23126,/content/BSM-Project/data/raw/BSM/Sillimanite/13.jpg
IMG_0253,Sillimanite/14.jpg,Sillimanite,14.jpg,.jpg,20837,/content/BSM-Project/data/raw/BSM/Sillimanite/14.jpg
IMG_0254,Sillimanite/15.jpg,Sillimanite,15.jpg,.jpg,23413,/content/BSM-Project/data/raw/BSM/Sillimanite/15.jpg
IMG_0255,Sillimanite/16.jpg,Sillimanite,16.jpg,.jpg,17785,/content/BSM-Project/data/raw/BSM/Sillimanite/16.jpg
IMG_0256,Sillimanite/17.jpg,Sillimanite,17.jpg,.jpg,18272,/content/BSM-Project/data/raw/BSM/Sillimanite/17.jpg
IMG_0257,Sillimanite/18.jpg,Sillimanite,18.jpg,.jpg,10797,/content/BSM-Project/data/raw/BSM/Sillimanite/18.jpg
IMG_0258,Sillimanite/19.jpg,Sillimanite,19.jpg,.jpg,13174,/content/BSM-Project/data/raw/BSM/Sillimanite/19.jpg
IMG_0259,Sillimanite/2.jpg,Sillimanite,2.jpg,.jpg,24133,/content/BSM-Project/data/raw/BSM/Sillimanite/2.jpg
IMG_0260,Sillimanite/20.jpg,Sillimanite,20.jpg,.jpg,22099,/content/BSM-Project/data/raw/BSM/Sillimanite/20.jpg
IMG_0261,Sillimanite/21.jpg,Sillimanite,21.jpg,.jpg,26917,/content/BSM-Project/data/raw/BSM/Sillimanite/21.jpg
IMG_0262,Sillimanite/22.jpg,Sillimanite,22.jpg,.jpg,9581,/content/BSM-Project/data/raw/BSM/Sillimanite/22.jpg
IMG_0263,Sillimanite/23.jpg,Sillimanite,23.jpg,.jpg,16636,/content/BSM-Project/data/raw/BSM/Sillimanite/23.jpg
IMG_0264,Sillimanite/24.jpg,Sillimanite,24.jpg,.jpg,13351,/content/BSM-Project/data/raw/BSM/Sillimanite/24.jpg
IMG_0265,Sillimanite/25.jpg,Sillimanite,25.jpg,.jpg,11178,/content/BSM-Project/data/raw/BSM/Sillimanite/25.jpg
IMG_0266,Sillimanite/26.jpg,Sillimanite,26.jpg,.jpg,6458,/content/BSM-Project/data/raw/BSM/Sillimanite/26.jpg
IMG_0267,Sillimanite/27.jpg,Sillimanite,27.jpg,.jpg,14310,/content/BSM-Project/data/raw/BSM/Sillimanite/27.jpg
IMG_0268,Sillimanite/28.jpg,Sillimanite,28.jpg,.jpg,17291,/content/BSM-Project/data/raw/BSM/Sillimanite/28.jpg
IMG_0269,Sillimanite/29.jpg,Sillimanite,29.jpg,.jpg,14693,/content/BSM-Project/data/raw/BSM/Sillimanite/29.jpg
IMG_0270,Sillimanite/3.jpg,Sillimanite,3.jpg,.jpg,35113,/content/BSM-Project/data/raw/BSM/Sillimanite/3.jpg
IMG_0271,Sillimanite/30.jpg,Sillimanite,30.jpg,.jpg,15220,/content/BSM-Project/data/raw/BSM/Sillimanite/30.jpg
IMG_0272,Sillimanite/31.jpg,Sillimanite,31.jpg,.jpg,10027,/content/BSM-Project/data/raw/BSM/Sillimanite/31.jpg
IMG_0273,Sillimanite/32.jpg,Sillimanite,32.jpg,.jpg,5614,/content/BSM-Project/data/raw/BSM/Sillimanite/32.jpg
IMG_0274,Sillimanite/33.jpg,Sillimanite,33.jpg,.jpg,13819,/content/BSM-Project/data/raw/BSM/Sillimanite/33.jpg
IMG_0275,Sillimanite/34.jpg,Sillimanite,34.jpg,.jpg,7409,/content/BSM-Project/data/raw/BSM/Sillimanite/34.jpg
IMG_0276,Sillimanite/35.jpg,Sillimanite,35.jpg,.jpg,6043,/content/BSM-Project/data/raw/BSM/Sillimanite/35.jpg
IMG_0277,Sillimanite/36.jpg,Sillimanite,36.jpg,.jpg,9102,/content/BSM-Project/data/raw/BSM/Sillimanite/36.jpg
IMG_0278,Sillimanite/37.jpg,Sillimanite,37.jpg,.jpg,16450,/content/BSM-Project/data/raw/BSM/Sillimanite/37.jpg
IMG_0279,Sillimanite/38.jpg,Sillimanite,38.jpg,.jpg,18424,/content/BSM-Project/data/raw/BSM/Sillimanite/38.jpg
IMG_0280,Sillimanite/39.jpg,Sillimanite,39.jpg,.jpg,11419,/content/BSM-Project/data/raw/BSM/Sillimanite/39.jpg
IMG_0281,Sillimanite/4.jpg,Sillimanite,4.jpg,.jpg,29272,/content/BSM-Project/data/raw/BSM/Sillimanite/4.jpg
IMG_0282,Sillimanite/40.jpg,Sillimanite,40.jpg,.jpg,8636,/content/BSM-Project/data/raw/BSM/Sillimanite/40.jpg
IMG_0283,Sillimanite/41.jpg,Sillimanite,41.jpg,.jpg,11050,/content/BSM-Project/data/raw/BSM/Sillimanite/41.jpg
IMG_0284,Sillimanite/42.jpg,Sillimanite,42.jpg,.jpg,6145,/content/BSM-Project/data/raw/BSM/Sillimanite/42.jpg
IMG_0285,Sillimanite/43.jpg,Sillimanite,43.jpg,.jpg,10366,/content/BSM-Project/data/raw/BSM/Sillimanite/43.jpg
IMG_0286,Sillimanite/44.jpg,Sillimanite,44.jpg,.jpg,6409,/content/BSM-Project/data/raw/BSM/Sillimanite/44.jpg
IMG_0287,Sillimanite/45.jpg,Sillimanite,45.jpg,.jpg,5844,/content/BSM-Project/data/raw/BSM/Sillimanite/45.jpg
IMG_0288,Sillimanite/46.jpg,Sillimanite,46.jpg,.jpg,9665,/content/BSM-Project/data/raw/BSM/Sillimanite/46.jpg
IMG_0289,Sillimanite/47.jpg,Sillimanite,47.jpg,.jpg,10516,/content/BSM-Project/data/raw/BSM/Sillimanite/47.jpg
IMG_0290,Sillimanite/48.jpg,Sillimanite,48.jpg,.jpg,7266,/content/BSM-Project/data/raw/BSM/Sillimanite/48.jpg
IMG_0291,Sillimanite/49.jpg,Sillimanite,49.jpg,.jpg,23482,/content/BSM-Project/data/raw/BSM/Sillimanite/49.jpg
IMG_0292,Sillimanite/5.jpg,Sillimanite,5.jpg,.jpg,25540,/content/BSM-Project/data/raw/BSM/Sillimanite/5.jpg
IMG_0293,Sillimanite/50.jpg,Sillimanite,50.jpg,.jpg,9685,/content/BSM-Project/data/raw/BSM/Sillimanite/50.jpg
IMG_0294,Sillimanite/51.jpg,Sillimanite,51.jpg,.jpg,9999,/content/BSM-Project/data/raw/BSM/Sillimanite/51.jpg
IMG_0295,Sillimanite/52.jpg,Sillimanite,52.jpg,.jpg,9458,/content/BSM-Project/data/raw/BSM/Sillimanite/52.jpg
IMG_0296,Sillimanite/53.jpg,Sillimanite,53.jpg,.jpg,12255,/content/BSM-Project/data/raw/BSM/Sillimanite/53.jpg
IMG_0297,Sillimanite/54.jpg,Sillimanite,54.jpg,.jpg,18052,/content/BSM-Project/data/raw/BSM/Sillimanite/54.jpg
IMG_0298,Sillimanite/55.jpg,Sillimanite,55.jpg,.jpg,6400,/content/BSM-Project/data/raw/BSM/Sillimanite/55.jpg
IMG_0299,Sillimanite/56.jpg,Sillimanite,56.jpg,.jpg,6248,/content/BSM-Project/data/raw/BSM/Sillimanite/56.jpg
IMG_0300,Sillimanite/57.jpg,Sillimanite,57.jpg,.jpg,10338,/content/BSM-Project/data/raw/BSM/Sillimanite/57.jpg
IMG_0301,Sillimanite/58.jpg,Sillimanite,58.jpg,.jpg,9991,/content/BSM-Project/data/raw/BSM/Sillimanite/58.jpg
IMG_0302,Sillimanite/59.jpg,Sillimanite,59.jpg,.jpg,19957,/content/BSM-Project/data/raw/BSM/Sillimanite/59.jpg
IMG_0303,Sillimanite/6.jpg,Sillimanite,6.jpg,.jpg,22023,/content/BSM-Project/data/raw/BSM/Sillimanite/6.jpg
IMG_0304,Sillimanite/60.jpg,Sillimanite,60.jpg,.jpg,7175,/content/BSM-Project/data/raw/BSM/Sillimanite/60.jpg
IMG_0305,Sillimanite/7.jpg,Sillimanite,7.jpg,.jpg,24326,/content/BSM-Project/data/raw/BSM/Sillimanite/7.jpg
IMG_0306,Sillimanite/8.jpg,Sillimanite,8.jpg,.jpg,25563,/content/BSM-Project/data/raw/BSM/Sillimanite/8.jpg
IMG_0307,Sillimanite/9.jpg,Sillimanite,9.jpg,.jpg,8936,/content/BSM-Project/data/raw/BSM/Sillimanite/9.jpg
IMG_0308,Zircon/1.jpg,Zircon,1.jpg,.jpg,35555,/content/BSM-Project/data/raw/BSM/Zircon/1.jpg
IMG_0309,Zircon/10.jpg,Zircon,10.jpg,.jpg,7596,/content/BSM-Project/data/raw/BSM/Zircon/10.jpg
IMG_0310,Zircon/11.jpg,Zircon,11.jpg,.jpg,44705,/content/BSM-Project/data/raw/BSM/Zircon/11.jpg
IMG_0311,Zircon/12.jpg,Zircon,12.jpg,.jpg,14029,/content/BSM-Project/data/raw/BSM/Zircon/12.jpg
IMG_0312,Zircon/13.jpg,Zircon,13.jpg,.jpg,8657,/content/BSM-Project/data/raw/BSM/Zircon/13.jpg
IMG_0313,Zircon/14.jpg,Zircon,14.jpg,.jpg,8580,/content/BSM-Project/data/raw/BSM/Zircon/14.jpg
IMG_0314,Zircon/15.jpg,Zircon,15.jpg,.jpg,32678,/content/BSM-Project/data/raw/BSM/Zircon/15.jpg
IMG_0315,Zircon/16.jpg,Zircon,16.jpg,.jpg,12998,/content/BSM-Project/data/raw/BSM/Zircon/16.jpg
IMG_0316,Zircon/17.jpg,Zircon,17.jpg,.jpg,18203,/content/BSM-Project/data/raw/BSM/Zircon/17.jpg
IMG_0317,Zircon/18.jpg,Zircon,18.jpg,.jpg,20732,/content/BSM-Project/data/raw/BSM/Zircon/18.jpg
IMG_0318,Zircon/19.jpg,Zircon,19.jpg,.jpg,15859,/content/BSM-Project/data/raw/BSM/Zircon/19.jpg
IMG_0319,Zircon/2.jpg,Zircon,2.jpg,.jpg,15977,/content/BSM-Project/data/raw/BSM/Zircon/2.jpg
IMG_0320,Zircon/20.jpg,Zircon,20.jpg,.jpg,6804,/content/BSM-Project/data/raw/BSM/Zircon/20.jpg
IMG_0321,Zircon/21.jpg,Zircon,21.jpg,.jpg,30365,/content/BSM-Project/data/raw/BSM/Zircon/21.jpg
IMG_0322,Zircon/22.jpg,Zircon,22.jpg,.jpg,19730,/content/BSM-Project/data/raw/BSM/Zircon/22.jpg
IMG_0323,Zircon/23.jpg,Zircon,23.jpg,.jpg,47610,/content/BSM-Project/data/raw/BSM/Zircon/23.jpg
IMG_0324,Zircon/24.jpg,Zircon,24.jpg,.jpg,17209,/content/BSM-Project/data/raw/BSM/Zircon/24.jpg
IMG_0325,Zircon/25.jpg,Zircon,25.jpg,.jpg,35167,/content/BSM-Project/data/raw/BSM/Zircon/25.jpg
IMG_0326,Zircon/26.jpg,Zircon,26.jpg,.jpg,18615,/content/BSM-Project/data/raw/BSM/Zircon/26.jpg
IMG_0327,Zircon/27.jpg,Zircon,27.jpg,.jpg,28199,/content/BSM-Project/data/raw/BSM/Zircon/27.jpg
IMG_0328,Zircon/28.jpg,Zircon,28.jpg,.jpg,27374,/content/BSM-Project/data/raw/BSM/Zircon/28.jpg
IMG_0329,Zircon/29.jpg,Zircon,29.jpg,.jpg,15417,/content/BSM-Project/data/raw/BSM/Zircon/29.jpg
IMG_0330,Zircon/3.jpg,Zircon,3.jpg,.jpg,9137,/content/BSM-Project/data/raw/BSM/Zircon/3.jpg
IMG_0331,Zircon/30.jpg,Zircon,30.jpg,.jpg,29151,/content/BSM-Project/data/raw/BSM/Zircon/30.jpg
IMG_0332,Zircon/31.jpg,Zircon,31.jpg,.jpg,27089,/content/BSM-Project/data/raw/BSM/Zircon/31.jpg
IMG_0333,Zircon/32.jpg,Zircon,32.jpg,.jpg,26871,/content/BSM-Project/data/raw/BSM/Zircon/32.jpg
IMG_0334,Zircon/33.jpg,Zircon,33.jpg,.jpg,14118,/content/BSM-Project/data/raw/BSM/Zircon/33.jpg
IMG_0335,Zircon/34.jpg,Zircon,34.jpg,.jpg,24483,/content/BSM-Project/data/raw/BSM/Zircon/34.jpg
IMG_0336,Zircon/35.jpg,Zircon,35.jpg,.jpg,33104,/content/BSM-Project/data/raw/BSM/Zircon/35.jpg
IMG_0337,Zircon/36.jpg,Zircon,36.jpg,.jpg,17213,/content/BSM-Project/data/raw/BSM/Zircon/36.jpg
IMG_0338,Zircon/37.jpg,Zircon,37.jpg,.jpg,22938,/content/BSM-Project/data/raw/BSM/Zircon/37.jpg
IMG_0339,Zircon/38.jpg,Zircon,38.jpg,.jpg,18546,/content/BSM-Project/data/raw/BSM/Zircon/38.jpg
IMG_0340,Zircon/39.jpg,Zircon,39.jpg,.jpg,43723,/content/BSM-Project/data/raw/BSM/Zircon/39.jpg
IMG_0341,Zircon/40.jpg,Zircon,40.jpg,.jpg,21551,/content/BSM-Project/data/raw/BSM/Zircon/40.jpg
IMG_0342,Zircon/41.jpg,Zircon,41.jpg,.jpg,42243,/content/BSM-Project/data/raw/BSM/Zircon/41.jpg
IMG_0343,Zircon/42.jpg,Zircon,42.jpg,.jpg,17526,/content/BSM-Project/data/raw/BSM/Zircon/42.jpg
IMG_0344,Zircon/43.jpg,Zircon,43.jpg,.jpg,29389,/content/BSM-Project/data/raw/BSM/Zircon/43.jpg
IMG_0345,Zircon/44.jpg,Zircon,44.jpg,.jpg,20430,/content/BSM-Project/data/raw/BSM/Zircon/44.jpg
IMG_0346,Zircon/45.jpg,Zircon,45.jpg,.jpg,21097,/content/BSM-Project/data/raw/BSM/Zircon/45.jpg
IMG_0347,Zircon/46.jpg,Zircon,46.jpg,.jpg,11267,/content/BSM-Project/data/raw/BSM/Zircon/46.jpg
IMG_0348,Zircon/47.jpg,Zircon,47.jpg,.jpg,13866,/content/BSM-Project/data/raw/BSM/Zircon/47.jpg
IMG_0349,Zircon/48.jpg,Zircon,48.jpg,.jpg,23137,/content/BSM-Project/data/raw/BSM/Zircon/48.jpg
IMG_0350,Zircon/49.jpg,Zircon,49.jpg,.jpg,22610,/content/BSM-Project/data/raw/BSM/Zircon/49.jpg
IMG_0351,Zircon/5.jpg,Zircon,5.jpg,.jpg,12578,/content/BSM-Project/data/raw/BSM/Zircon/5.jpg
IMG_0352,Zircon/50.jpg,Zircon,50.jpg,.jpg,30283,/content/BSM-Project/data/raw/BSM/Zircon/50.jpg
IMG_0353,Zircon/51.jpg,Zircon,51.jpg,.jpg,16927,/content/BSM-Project/data/raw/BSM/Zircon/51.jpg
IMG_0354,Zircon/52.jpg,Zircon,52.jpg,.jpg,21249,/content/BSM-Project/data/raw/BSM/Zircon/52.jpg
IMG_0355,Zircon/53.jpg,Zircon,53.jpg,.jpg,22829,/content/BSM-Project/data/raw/BSM/Zircon/53.jpg
IMG_0356,Zircon/54.jpg,Zircon,54.jpg,.jpg,12930,/content/BSM-Project/data/raw/BSM/Zircon/54.jpg
IMG_0357,Zircon/55.jpg,Zircon,55.jpg,.jpg,18768,/content/BSM-Project/data/raw/BSM/Zircon/55.jpg
IMG_0358,Zircon/56.jpg,Zircon,56.jpg,.jpg,7228,/content/BSM-Project/data/raw/BSM/Zircon/56.jpg
IMG_0359,Zircon/57.jpg,Zircon,57.jpg,.jpg,20082,/content/BSM-Project/data/raw/BSM/Zircon/57.jpg
IMG_0360,Zircon/58.jpg,Zircon,58.jpg,.jpg,19622,/content/BSM-Project/data/raw/BSM/Zircon/58.jpg
IMG_0361,Zircon/59.jpg,Zircon,59.jpg,.jpg,19923,/content/BSM-Project/data/raw/BSM/Zircon/59.jpg
IMG_0362,Zircon/6.jpg,Zircon,6.jpg,.jpg,11990,/content/BSM-Project/data/raw/BSM/Zircon/6.jpg
IMG_0363,Zircon/60.jpg,Zircon,60.jpg,.jpg,12776,/content/BSM-Project/data/raw/BSM/Zircon/60.jpg
IMG_0364,Zircon/7.jpg,Zircon,7.jpg,.jpg,8919,/content/BSM-Project/data/raw/BSM/Zircon/7.jpg
IMG_0365,Zircon/8.jpg,Zircon,8.jpg,.jpg,17098,/content/BSM-Project/data/raw/BSM/Zircon/8.jpg
IMG_0366,Zircon/9.jpg,Zircon,9.jpg,.jpg,32980,/content/BSM-Project/data/raw/BSM/Zircon/9.jpg
