model,config,seed,weight_decay,label_smoothing,epochs,batch_size,learning_rate,train_samples,val_samples,test_samples,best_epoch,best_val_accuracy,test_accuracy,test_loss,final_train_accuracy,final_train_loss,mean_epoch_seconds,wall_seconds,completed_at_utc
VGG16,A_baseline,42,0.0,0.0,20,32,0.0001,3072,55,56,11,0.8545454545454545,0.6964285714285714,2.4245725274086,1.0,5.596511376400788e-06,27.600155234336853,558.869060754776,2026-10-01T00:29:01Z
VGG16,A_baseline,43,0.0,0.0,20,32,0.0001,3072,55,56,6,0.8363636363636363,0.7142857142857143,1.9999980330467224,1.0,2.3759203031659126e-06,26.401708459854127,530.6384949684143,2026-10-01T00:37:53Z
VGG16,A_baseline,44,0.0,0.0,20,32,0.0001,3072,55,56,6,0.8545454545454545,0.7321428571428571,1.4214832186698914,1.0,8.921526993314425e-06,26.462636840343475,532.468264579773,2026-10-01T00:46:47Z
VGG16,B_reg,42,0.0001,0.1,20,32,0.0001,3072,55,56,3,0.8727272727272727,0.7321428571428571,0.8073632419109344,1.0,0.42562364352246124,27.418355119228362,550.9123332500458,2026-10-01T00:56:00Z
VGG16,B_reg,43,0.0001,0.1,20,32,0.0001,3072,55,56,8,0.8545454545454545,0.7142857142857143,0.8740281462669373,0.9990234375,0.44666282553225756,27.396315741539002,550.4630262851715,2026-10-01T01:05:12Z
VGG16,B_reg,44,0.0001,0.1,20,32,0.0001,3072,55,56,11,0.8181818181818182,0.75,0.829569011926651,1.0,0.42559373565018177,27.43158138990402,552.9703102111816,2026-10-01T01:14:27Z
ResNet18,A_baseline,42,0.0,0.0,20,32,0.0001,3072,55,56,20,0.9090909090909091,0.75,0.7226432263851166,1.0,0.0008590344029168288,5.582213890552521,112.26120567321777,2026-10-01T01:16:19Z
ResNet18,A_baseline,43,0.0,0.0,20,32,0.0001,3072,55,56,1,0.8545454545454545,0.7678571428571429,0.7180449962615967,0.9996744791666666,0.002914991268577675,5.0522591233253475,101.2991931438446,2026-10-01T01:18:01Z
ResNet18,A_baseline,44,0.0,0.0,20,32,0.0001,3072,55,56,2,0.8727272727272727,0.7857142857142857,0.5513226687908173,1.0,0.001214660898161431,5.054317581653595,101.39051651954651,2026-10-01T01:19:42Z
ResNet18,B_reg,42,0.0001,0.1,20,32,0.0001,3072,55,56,17,0.8909090909090909,0.8392857142857143,0.6107884049415588,1.0,0.4296067093188564,5.121056985855103,102.75925588607788,2026-10-01T01:21:25Z
ResNet18,B_reg,43,0.0001,0.1,20,32,0.0001,3072,55,56,1,0.8545454545454545,0.7678571428571429,0.727645605802536,1.0,0.4293345057715972,5.144754946231842,103.14990234375,2026-10-01T01:23:09Z
ResNet18,B_reg,44,0.0001,0.1,20,32,0.0001,3072,55,56,13,0.8727272727272727,0.8035714285714286,0.6433384716510773,1.0,0.428864690164725,5.128553664684295,102.88947200775146,2026-10-01T01:24:52Z
ResNet34,A_baseline,42,0.0,0.0,20,32,0.0001,3072,55,56,9,0.8,0.6785714285714286,0.9706123769283295,1.0,0.0008169942302629352,8.290708112716676,166.27064752578735,2026-10-01T01:27:38Z
ResNet34,A_baseline,43,0.0,0.0,20,32,0.0001,3072,55,56,17,0.8545454545454545,0.7678571428571429,0.9688663482666016,0.9993489583333334,0.0031971600061903396,8.299004852771759,166.58974385261536,2026-10-01T01:30:25Z
ResNet34,A_baseline,44,0.0,0.0,20,32,0.0001,3072,55,56,9,0.8,0.75,0.9256980121135712,1.0,0.001620942959561944,8.292001247406006,166.32600021362305,2026-10-01T01:33:12Z
ResNet34,B_reg,42,0.0001,0.1,20,32,0.0001,3072,55,56,3,0.8545454545454545,0.7857142857142857,0.7572841942310333,0.9586588541666666,0.558422874348859,8.417020952701568,168.85560750961304,2026-10-01T01:36:01Z
ResNet34,B_reg,43,0.0001,0.1,20,32,0.0001,3072,55,56,13,0.8545454545454545,0.7678571428571429,0.6436403691768646,0.9983723958333334,0.43712017002205056,8.407062649726868,168.69861149787903,2026-10-01T01:38:50Z
ResNet34,B_reg,44,0.0001,0.1,20,32,0.0001,3072,55,56,6,0.8363636363636363,0.7321428571428571,0.7628885209560394,1.0,0.4268164473275344,8.42714124917984,169.15970301628113,2026-10-01T01:41:40Z
D_ResNet,A_baseline,42,0.0,0.0,20,32,0.0001,3072,55,56,3,0.8363636363636363,0.6964285714285714,0.8851374685764313,0.9807942708333334,0.06045513576827943,13.50566816329956,271.56634163856506,2026-10-01T01:46:12Z
D_ResNet,A_baseline,43,0.0,0.0,20,32,0.0001,3072,55,56,15,0.8545454545454545,0.75,1.1747649908065796,0.9964192708333334,0.014099690093037983,13.321995294094085,267.2485191822052,2026-10-01T01:50:40Z
D_ResNet,A_baseline,44,0.0,0.0,20,32,0.0001,3072,55,56,10,0.8181818181818182,0.6964285714285714,1.3751437664031982,0.990234375,0.030893038065793615,13.308638203144074,266.8983724117279,2026-10-01T01:55:07Z
D_ResNet,B_reg,42,0.0001,0.1,20,32,0.0001,3072,55,56,4,0.8545454545454545,0.8035714285714286,0.6405692398548126,0.9996744791666666,0.42742930601040524,13.424806940555573,269.29243063926697,2026-10-01T01:59:37Z
D_ResNet,B_reg,43,0.0001,0.1,20,32,0.0001,3072,55,56,2,0.8363636363636363,0.75,0.6629551649093628,1.0,0.42680875522394973,13.45098934173584,269.7575628757477,2026-10-01T02:04:07Z
D_ResNet,B_reg,44,0.0001,0.1,20,32,0.0001,3072,55,56,2,0.8363636363636363,0.8035714285714286,0.7284604907035828,1.0,0.4264834066852927,13.44473592042923,269.6045832633972,2026-10-01T02:08:37Z
