source_image_id,relative_path,absolute_path,class_raw,class,group_id,extension,file_size_bytes,width,height,channels,megapixels,aspect_ratio,sha256,is_valid,exclusion_reason
IMG_0000,Garnet/1.jpg,/content/BSM-Project/data/raw/BSM/Garnet/1.jpg,Garnet,Garnet,GRP_0000,.jpg,29795,510,333,3,0.1698,1.5315,a87f0487772583492b7f182d7b7579f5c283972b999d6ad4a406cc7fbc1e7ee7,True,
IMG_0001,Garnet/10.jpg,/content/BSM-Project/data/raw/BSM/Garnet/10.jpg,Garnet,Garnet,GRP_0001,.jpg,41585,435,334,3,0.1453,1.3024,16e598f0d676798725b9c40245c52a5d964b4babea15a84999a6711ffac49ea3,True,
IMG_0002,Garnet/11.jpg,/content/BSM-Project/data/raw/BSM/Garnet/11.jpg,Garnet,Garnet,GRP_0002,.jpg,14546,229,220,3,0.0504,1.0409,5c2d5460313ca3c24760649a4240a6c8ff3c20d05bc1d6ebf9e3c963b167ffcb,True,
IMG_0003,Garnet/12.jpg,/content/BSM-Project/data/raw/BSM/Garnet/12.jpg,Garnet,Garnet,GRP_0003,.jpg,17174,280,324,3,0.0907,0.8642,a0d5ad5d93b2c24290b9e6cd6f7e3ed62b94b0de475b4ad0a038fb64c8702c75,True,
IMG_0004,Garnet/13.jpg,/content/BSM-Project/data/raw/BSM/Garnet/13.jpg,Garnet,Garnet,GRP_0004,.jpg,23250,561,277,3,0.1554,2.0253,1097970291f1649ff66aab6e6deb52f7f6a108b8f3f1da424fdeb6e3f2bd5df1,True,
IMG_0005,Garnet/14.jpg,/content/BSM-Project/data/raw/BSM/Garnet/14.jpg,Garnet,Garnet,GRP_0005,.jpg,21121,289,312,3,0.0902,0.9263,dcd9c11da5eccd080b760455374bd051852b9f0698fb9c5eb77c32c3a4f294b7,True,
IMG_0006,Garnet/15.jpg,/content/BSM-Project/data/raw/BSM/Garnet/15.jpg,Garnet,Garnet,GRP_0006,.jpg,16831,268,231,3,0.0619,1.1602,e2adafcea623e6999b59161beeee26f8b31bc669d7dd1519e51af02f37947f44,True,
IMG_0007,Garnet/16.jpg,/content/BSM-Project/data/raw/BSM/Garnet/16.jpg,Garnet,Garnet,GRP_0007,.jpg,6971,180,217,3,0.0391,0.8295,35a8d0fd23943f1b2c1ec58272b58beea5d9492582e0a8ea7149f2ead54f503f,True,
IMG_0008,Garnet/17.jpg,/content/BSM-Project/data/raw/BSM/Garnet/17.jpg,Garnet,Garnet,GRP_0008,.jpg,25417,417,295,3,0.123,1.4136,96214e5c18e45f9bb7c3eb78a40ffc7a9b23e516b6e502df3d3f093c37ea3f7c,True,
IMG_0009,Garnet/18.jpg,/content/BSM-Project/data/raw/BSM/Garnet/18.jpg,Garnet,Garnet,GRP_0009,.jpg,17311,249,244,3,0.0608,1.0205,d7f983fcb84d8ec4e8161712c202256ef07ef58f5a2cabcd37aa8cb74b7efcd8,True,
IMG_0010,Garnet/19.jpg,/content/BSM-Project/data/raw/BSM/Garnet/19.jpg,Garnet,Garnet,GRP_0010,.jpg,35726,298,385,3,0.1147,0.774,18dfb8c7aebfe75052409740c25eaf5f2a5ed063e12edc485ea2026ac5fc07cd,True,
IMG_0011,Garnet/2.jpg,/content/BSM-Project/data/raw/BSM/Garnet/2.jpg,Garnet,Garnet,GRP_0011,.jpg,40167,331,313,3,0.1036,1.0575,1849d182aee89136147e2b9cd327af5c2b27c09727c02a0cf9d56c48795a8e2c,True,
IMG_0012,Garnet/20.jpg,/content/BSM-Project/data/raw/BSM/Garnet/20.jpg,Garnet,Garnet,GRP_0012,.jpg,40508,487,373,3,0.1817,1.3056,f2c934b3d702a5a108fa521e8673a50a43a5010e18e493c0ab8cfc1019517c79,True,
IMG_0013,Garnet/21.jpg,/content/BSM-Project/data/raw/BSM/Garnet/21.jpg,Garnet,Garnet,GRP_0013,.jpg,39010,258,352,3,0.0908,0.733,252cb9fce477aceca5c8093ff09ac62a61ef219877f7ea20516fba3f79de83a8,True,
IMG_0014,Garnet/22.jpg,/content/BSM-Project/data/raw/BSM/Garnet/22.jpg,Garnet,Garnet,GRP_0014,.jpg,37475,384,352,3,0.1352,1.0909,1a9ec54f6799c53b5d1dfbb71462178e19be3b48674966be582db7cf3e5c933b,True,
IMG_0015,Garnet/23.jpg,/content/BSM-Project/data/raw/BSM/Garnet/23.jpg,Garnet,Garnet,GRP_0015,.jpg,46432,433,373,3,0.1615,1.1609,c867b98336caab6b167e5093e589329809f10fe075caa05fe9a67916e5a1006c,True,
IMG_0016,Garnet/24.jpg,/content/BSM-Project/data/raw/BSM/Garnet/24.jpg,Garnet,Garnet,GRP_0016,.jpg,32572,349,303,3,0.1057,1.1518,6f65231099e358cc202f3def696ab2dbff65645a96305d2994329c5ee565926a,True,
IMG_0017,Garnet/25.jpg,/content/BSM-Project/data/raw/BSM/Garnet/25.jpg,Garnet,Garnet,GRP_0017,.jpg,40626,433,316,3,0.1368,1.3703,88d698c75436e1b826824c01660022b9c6eef474867b3acdae909b16bc968213,True,
IMG_0018,Garnet/26.jpg,/content/BSM-Project/data/raw/BSM/Garnet/26.jpg,Garnet,Garnet,GRP_0018,.jpg,54014,409,286,3,0.117,1.4301,0d24ac7942cdc42122d85a1431ed2d3e6dfb24c77441bf0ce0d951848b5b8efa,True,
IMG_0019,Garnet/27.jpg,/content/BSM-Project/data/raw/BSM/Garnet/27.jpg,Garnet,Garnet,GRP_0019,.jpg,34619,304,274,3,0.0833,1.1095,a78f3d1d977fee9ca60ba75dd0ed6aacfe3ca1fc215e238b15c2ceedd7e5633d,True,
IMG_0020,Garnet/28.jpg,/content/BSM-Project/data/raw/BSM/Garnet/28.jpg,Garnet,Garnet,GRP_0020,.jpg,25936,252,240,3,0.0605,1.05,fb9b42af856d245927fadcd359fd3471060d886e2b3eb3edcb5fe9bdb9290d6c,True,
IMG_0021,Garnet/29.jpg,/content/BSM-Project/data/raw/BSM/Garnet/29.jpg,Garnet,Garnet,GRP_0021,.jpg,41944,498,283,3,0.1409,1.7597,62f91ef63aa2a0f101b62f21792576b18e555fdadce8fa94117214ec6b4801fc,True,
IMG_0022,Garnet/3.jpg,/content/BSM-Project/data/raw/BSM/Garnet/3.jpg,Garnet,Garnet,GRP_0022,.jpg,12070,219,222,3,0.0486,0.9865,07a2865ea42cf6c3894bbfa22b1823f9d2e701c85eba087c8fc57ee3a1cc2f07,True,
IMG_0023,Garnet/30.jpg,/content/BSM-Project/data/raw/BSM/Garnet/30.jpg,Garnet,Garnet,GRP_0023,.jpg,50920,430,370,3,0.1591,1.1622,d99efdedb6259317aaa22ecbb468c693e879f2f5217f9d2a29682cb67c149d00,True,
IMG_0024,Garnet/31.jpg,/content/BSM-Project/data/raw/BSM/Garnet/31.jpg,Garnet,Garnet,GRP_0024,.jpg,31597,381,292,3,0.1113,1.3048,2b1902031dfc00dc534cbb541a31031b8fa5d93a0b88c5b517605eda0b168e9c,True,
IMG_0025,Garnet/32.jpg,/content/BSM-Project/data/raw/BSM/Garnet/32.jpg,Garnet,Garnet,GRP_0025,.jpg,7747,235,153,3,0.036,1.5359,2c24ba0e6959ee0159cfc71d890c6b3465d5dc8d9a1a305174d23075193fba2d,True,
IMG_0026,Garnet/33.jpg,/content/BSM-Project/data/raw/BSM/Garnet/33.jpg,Garnet,Garnet,GRP_0026,.jpg,60794,543,379,3,0.2058,1.4327,0050060bb940e5d03e1f40d8a541ca8a136bafa105ce19304fbea78657ba4312,True,
IMG_0027,Garnet/34.jpg,/content/BSM-Project/data/raw/BSM/Garnet/34.jpg,Garnet,Garnet,GRP_0027,.jpg,35583,370,294,3,0.1088,1.2585,7be5cf0f9ab8e838e3e6b112cfffdc66ba27382645033492cfd4c834dde36f01,True,
IMG_0028,Garnet/35.jpg,/content/BSM-Project/data/raw/BSM/Garnet/35.jpg,Garnet,Garnet,GRP_0028,.jpg,37819,490,291,3,0.1426,1.6838,a1b53b8e9e620605206fb605581d4c29b20229eb4cbf9e2f0cf8c0c9854cfd54,True,
IMG_0029,Garnet/36.jpg,/content/BSM-Project/data/raw/BSM/Garnet/36.jpg,Garnet,Garnet,GRP_0029,.jpg,28324,375,270,3,0.1013,1.3889,ff87d508d34bf484c5785d9707ddd5b7f6739383efe61b89b70b36fa8553624d,True,
IMG_0030,Garnet/37.jpg,/content/BSM-Project/data/raw/BSM/Garnet/37.jpg,Garnet,Garnet,GRP_0030,.jpg,35369,301,331,3,0.0996,0.9094,09b293dccd934be1f452c79f1ee94e73cbbafce5cbde948fba3d668e2ee10073,True,
IMG_0031,Garnet/38.jpg,/content/BSM-Project/data/raw/BSM/Garnet/38.jpg,Garnet,Garnet,GRP_0031,.jpg,44940,457,406,3,0.1855,1.1256,3f87ad098be05b069952c9fb41607a39974bf3beca147e490d4d369d2915fd95,True,
IMG_0032,Garnet/39.jpg,/content/BSM-Project/data/raw/BSM/Garnet/39.jpg,Garnet,Garnet,GRP_0032,.jpg,48628,544,310,3,0.1686,1.7548,09870d0f62ca8c71f447b475fcce899d2f02afcb126c1217c03a660309e088f7,True,
IMG_0033,Garnet/4.jpg,/content/BSM-Project/data/raw/BSM/Garnet/4.jpg,Garnet,Garnet,GRP_0033,.jpg,23140,328,292,3,0.0958,1.1233,c6530235352333bacc25b98ee7845b9cb1abf5172f9e163e74e21654d731842f,True,
IMG_0034,Garnet/40.jpg,/content/BSM-Project/data/raw/BSM/Garnet/40.jpg,Garnet,Garnet,GRP_0034,.jpg,12351,351,295,3,0.1035,1.1898,ebb23c2c3e93c8e1d0ba913400e12082cea5527b636961e97c7147d16c4f4781,True,
IMG_0035,Garnet/41.jpg,/content/BSM-Project/data/raw/BSM/Garnet/41.jpg,Garnet,Garnet,GRP_0035,.jpg,33375,381,273,3,0.104,1.3956,4f79519d9d0225d9d9358f322c13c8097816a554d1ef8ce1ff3f351f64cf6da0,True,
IMG_0036,Garnet/42.jpg,/content/BSM-Project/data/raw/BSM/Garnet/42.jpg,Garnet,Garnet,GRP_0036,.jpg,32962,454,252,3,0.1144,1.8016,6dae3210b643a3de892674e734804866d0fa07d8faf5343fd4bb078451706bf1,True,
IMG_0037,Garnet/43.jpg,/content/BSM-Project/data/raw/BSM/Garnet/43.jpg,Garnet,Garnet,GRP_0037,.jpg,27615,361,301,3,0.1087,1.1993,e37faaa4b6a76be1b0e7ffb77dacf96d11e57c20b76ad923daec6f6d563d4fae,True,
IMG_0038,Garnet/44.jpg,/content/BSM-Project/data/raw/BSM/Garnet/44.jpg,Garnet,Garnet,GRP_0038,.jpg,46956,508,330,3,0.1676,1.5394,2c3479ae4a465a46a6178c56a37682200344d7aa8874dd5b43a65d7199e1bd98,True,
IMG_0039,Garnet/45.jpg,/content/BSM-Project/data/raw/BSM/Garnet/45.jpg,Garnet,Garnet,GRP_0039,.jpg,21133,241,309,3,0.0745,0.7799,37927644188169e469b7b335a3913b401ca2a98fdebea2ebf93b125993502d17,True,
IMG_0040,Garnet/46.jpg,/content/BSM-Project/data/raw/BSM/Garnet/46.jpg,Garnet,Garnet,GRP_0040,.jpg,52958,537,349,3,0.1874,1.5387,e97d1d15b866efa09dc735762feac466795bb639f980c8e0d3ec5bdec8bf25b5,True,
IMG_0041,Garnet/47.jpg,/content/BSM-Project/data/raw/BSM/Garnet/47.jpg,Garnet,Garnet,GRP_0041,.jpg,35557,399,328,3,0.1309,1.2165,02ce09e85ee38a0fa17ca990619d0be2a0005a67bff16be7a81b21ad679e96d0,True,
IMG_0042,Garnet/48.jpg,/content/BSM-Project/data/raw/BSM/Garnet/48.jpg,Garnet,Garnet,GRP_0042,.jpg,12261,214,211,3,0.0452,1.0142,94a6df1deb1dbb293e1c1f6326e55a2f29baddaca28ba5b1493700ce25061274,True,
IMG_0043,Garnet/49.jpg,/content/BSM-Project/data/raw/BSM/Garnet/49.jpg,Garnet,Garnet,GRP_0043,.jpg,46704,478,385,3,0.184,1.2416,1b5a6a8ff4d627133a9fcce2cef1056927f3b032febc69fb157c126722c2fddf,True,
IMG_0044,Garnet/5.jpg,/content/BSM-Project/data/raw/BSM/Garnet/5.jpg,Garnet,Garnet,GRP_0044,.jpg,15064,274,247,3,0.0677,1.1093,c2ddf566d3c1dbb17ba11e39cfe64d443c16dd35ca72cf6b73fc620f5d44dd2b,True,
IMG_0045,Garnet/50.jpg,/content/BSM-Project/data/raw/BSM/Garnet/50.jpg,Garnet,Garnet,GRP_0045,.jpg,62343,454,381,3,0.173,1.1916,4972002011d5d1baf314cab5906562503ec08ced96c9711fcea6b29b4272d3f2,True,
IMG_0046,Garnet/51.jpg,/content/BSM-Project/data/raw/BSM/Garnet/51.jpg,Garnet,Garnet,GRP_0046,.jpg,22853,412,193,3,0.0795,2.1347,e2d793b03a0e30e7409949aeb539ade87c8fab8a1da8a6c2ddb46287676fab92,True,
IMG_0047,Garnet/52.jpg,/content/BSM-Project/data/raw/BSM/Garnet/52.jpg,Garnet,Garnet,GRP_0047,.jpg,38769,364,306,3,0.1114,1.1895,49597ef715c925a6313924d6dcf4a73ab35251e5dbdea33d7b3bf1ac9ff69df5,True,
IMG_0048,Garnet/53.jpg,/content/BSM-Project/data/raw/BSM/Garnet/53.jpg,Garnet,Garnet,GRP_0048,.jpg,51210,511,376,3,0.1921,1.359,b64f00c7a9da090de3c15dbf35cfab42d8aff96b1b982dd84d622b81a28b6173,True,
IMG_0049,Garnet/54.jpg,/content/BSM-Project/data/raw/BSM/Garnet/54.jpg,Garnet,Garnet,GRP_0049,.jpg,32045,354,292,3,0.1034,1.2123,dcea583c27d11669a2ab67cff05e85fa12c7ab1478a3f5ece9bd6df8d5028a03,True,
IMG_0050,Garnet/55.jpg,/content/BSM-Project/data/raw/BSM/Garnet/55.jpg,Garnet,Garnet,GRP_0050,.jpg,14588,282,255,3,0.0719,1.1059,d30d610fcb3dccff7e548452c946677fc851ce4d259cdae180323d15668e0409,True,
IMG_0051,Garnet/56.jpg,/content/BSM-Project/data/raw/BSM/Garnet/56.jpg,Garnet,Garnet,GRP_0051,.jpg,14908,301,256,3,0.0771,1.1758,8816c9cea6e290c59777c897e01f6599fc9927c277266ef9b71f8529e43b6112,True,
IMG_0052,Garnet/57.jpg,/content/BSM-Project/data/raw/BSM/Garnet/57.jpg,Garnet,Garnet,GRP_0052,.jpg,29417,403,271,3,0.1092,1.4871,43f678b4c7a20852197f947d1fa4ff0d976a025f34d00333c8443edc740a9760,True,
IMG_0053,Garnet/58.jpg,/content/BSM-Project/data/raw/BSM/Garnet/58.jpg,Garnet,Garnet,GRP_0053,.jpg,32146,349,358,3,0.1249,0.9749,a93e610c915bc0e480aab2a401388dcd32adfeff622021c9914d5d1fe67178fd,True,
IMG_0054,Garnet/59.jpg,/content/BSM-Project/data/raw/BSM/Garnet/59.jpg,Garnet,Garnet,GRP_0054,.jpg,45707,444,370,3,0.1643,1.2,652e82da7dfca1e9b0936789ced793dd9d3e115ac8a1ffb379d8107fff5ea943,True,
IMG_0055,Garnet/6.jpg,/content/BSM-Project/data/raw/BSM/Garnet/6.jpg,Garnet,Garnet,GRP_0055,.jpg,24770,349,228,3,0.0796,1.5307,896ebd89d7edf40f30ace90c54750cf9ee84c1f05a423ae14f1eca6c17ade879,True,
IMG_0056,Garnet/60.jpg,/content/BSM-Project/data/raw/BSM/Garnet/60.jpg,Garnet,Garnet,GRP_0056,.jpg,38559,442,307,3,0.1357,1.4397,ccddc8ae07bfe01896b848e703422e93e19b854601203b674ac664a4b1126afc,True,
IMG_0057,Garnet/7.jpg,/content/BSM-Project/data/raw/BSM/Garnet/7.jpg,Garnet,Garnet,GRP_0057,.jpg,21982,397,228,3,0.0905,1.7412,5d065327f3c840122e3e0ed925fd76496f241a709023b94f33c3d76c305522fb,True,
IMG_0058,Garnet/8.jpg,/content/BSM-Project/data/raw/BSM/Garnet/8.jpg,Garnet,Garnet,GRP_0058,.jpg,7272,184,232,3,0.0427,0.7931,9d91f4862f1c0dfd8fb2eb29bc9109a63f53f9546628fbc3daf66936247b16ac,True,
IMG_0059,Garnet/9.jpg,/content/BSM-Project/data/raw/BSM/Garnet/9.jpg,Garnet,Garnet,GRP_0059,.jpg,19167,217,271,3,0.0588,0.8007,42925f4c5d8773dc3503f1c0b208843a44a11e5d7f0bf2ddddb88b14abf9b437,True,
IMG_0060,Ilmenite/1.jpg,/content/BSM-Project/data/raw/BSM/Ilmenite/1.jpg,Ilmenite,Ilmenite,GRP_0060,.jpg,11605,241,172,3,0.0415,1.4012,310e0c074cdcd5cd66b30e82faf459f643319000e80fa90542f24c2d9c72cbc0,True,
IMG_0061,Ilmenite/10.jpg,/content/BSM-Project/data/raw/BSM/Ilmenite/10.jpg,Ilmenite,Ilmenite,GRP_0061,.jpg,16401,268,198,3,0.0531,1.3535,b5291a7007d0d5caa08ba6f27f5eefeb4f79da2e91777534480372f7a82d4129,True,
IMG_0062,Ilmenite/11.jpg,/content/BSM-Project/data/raw/BSM/Ilmenite/11.jpg,Ilmenite,Ilmenite,GRP_0062,.jpg,10071,184,183,3,0.0337,1.0055,2673b9fed8d14404d22bd17d94d6bd674bd1a79f454bdbe3531074ce6e00c9d2,True,
IMG_0063,Ilmenite/12.jpg,/content/BSM-Project/data/raw/BSM/Ilmenite/12.jpg,Ilmenite,Ilmenite,GRP_0063,.jpg,12840,207,169,3,0.035,1.2249,7702f4f492989e3e46ac00ad80194150adda39fc1b2003eab6ef66bb90e74add,True,
IMG_0064,Ilmenite/13.jpg,/content/BSM-Project/data/raw/BSM/Ilmenite/13.jpg,Ilmenite,Ilmenite,GRP_0064,.jpg,16398,232,169,3,0.0392,1.3728,cb3b815d98752ba0a38feb7c4223e53f96e7293e13f87f7b782c5b4a2695037d,True,
IMG_0065,Ilmenite/14.jpg,/content/BSM-Project/data/raw/BSM/Ilmenite/14.jpg,Ilmenite,Ilmenite,GRP_0065,.jpg,12034,192,178,3,0.0342,1.0787,5acb07256c03cb9f83dbc0589e60304f85f127d3fbc5c43b68657b058d730560,True,
IMG_0066,Ilmenite/15.jpg,/content/BSM-Project/data/raw/BSM/Ilmenite/15.jpg,Ilmenite,Ilmenite,GRP_0066,.jpg,11244,259,189,3,0.049,1.3704,f15576b4ce966ab480acaaffc427ef706296476b88196c5f14bf5e15e1172e2f,True,
IMG_0067,Ilmenite/16.jpg,/content/BSM-Project/data/raw/BSM/Ilmenite/16.jpg,Ilmenite,Ilmenite,GRP_0067,.jpg,8730,162,130,3,0.0211,1.2462,c68d9eece53279c44815fd7539b97f57b40b034a40f4dd7f11bc02fc9ddd96a4,True,
IMG_0068,Ilmenite/17.jpg,/content/BSM-Project/data/raw/BSM/Ilmenite/17.jpg,Ilmenite,Ilmenite,GRP_0068,.jpg,16533,279,165,3,0.046,1.6909,a12ea24088e2e5be51659a1e0eeeb9206c2a45c12b38f34d058136271b6801b9,True,
IMG_0069,Ilmenite/18.jpg,/content/BSM-Project/data/raw/BSM/Ilmenite/18.jpg,Ilmenite,Ilmenite,GRP_0069,.jpg,16803,291,205,3,0.0597,1.4195,05a5e1cbac2b3afcaf49b65d16180157d672cdb4f7565185220f087953d75446,True,
IMG_0070,Ilmenite/19.jpg,/content/BSM-Project/data/raw/BSM/Ilmenite/19.jpg,Ilmenite,Ilmenite,GRP_0070,.jpg,17869,268,175,3,0.0469,1.5314,b7b90be60f6fb9fb183def9c2ee25792f8ec9820aafcc06373dd27731fcb61d1,True,
IMG_0071,Ilmenite/2.jpg,/content/BSM-Project/data/raw/BSM/Ilmenite/2.jpg,Ilmenite,Ilmenite,GRP_0071,.jpg,9183,231,186,3,0.043,1.2419,c783813c8017710e8ee70d56f87ca0d8e78b456e1f4c349fc6c5baf6d90d33e9,True,
IMG_0072,Ilmenite/20.jpg,/content/BSM-Project/data/raw/BSM/Ilmenite/20.jpg,Ilmenite,Ilmenite,GRP_0072,.jpg,19779,288,187,3,0.0539,1.5401,5a1069f5d5c4767951599f652351c37dfba2f873df2d9ce7ca79e77b80720d42,True,
IMG_0073,Ilmenite/21.jpg,/content/BSM-Project/data/raw/BSM/Ilmenite/21.jpg,Ilmenite,Ilmenite,GRP_0073,.jpg,11337,184,198,3,0.0364,0.9293,10ddf1acd9b7df3d06281e6e031723296a964e683e526286d84a6eb804252bda,True,
IMG_0074,Ilmenite/22.jpg,/content/BSM-Project/data/raw/BSM/Ilmenite/22.jpg,Ilmenite,Ilmenite,GRP_0074,.jpg,12168,255,181,3,0.0462,1.4088,fbbb45e7244839fc2fb06b76f11c70d637a733c6abce5b7b81f6994c4569a0a1,True,
IMG_0075,Ilmenite/23.jpg,/content/BSM-Project/data/raw/BSM/Ilmenite/23.jpg,Ilmenite,Ilmenite,GRP_0075,.jpg,19361,313,187,3,0.0585,1.6738,68582c3b9432696281e617fe4fc070efd156f2d32aa362cc0b5de4b8669ec8eb,True,
IMG_0076,Ilmenite/24.jpg,/content/BSM-Project/data/raw/BSM/Ilmenite/24.jpg,Ilmenite,Ilmenite,GRP_0076,.jpg,9970,204,175,3,0.0357,1.1657,06ce75d82cb71a8444d55d2291c313ad8aea8454c678f07a7caa29d460fc6497,True,
IMG_0077,Ilmenite/25.jpg,/content/BSM-Project/data/raw/BSM/Ilmenite/25.jpg,Ilmenite,Ilmenite,GRP_0077,.jpg,12342,237,180,3,0.0427,1.3167,68710fa7af95865467b5d402fbb4b4acc861bf8917c6c7f55df047c0b9be407d,True,
IMG_0078,Ilmenite/26.jpg,/content/BSM-Project/data/raw/BSM/Ilmenite/26.jpg,Ilmenite,Ilmenite,GRP_0078,.jpg,9949,198,178,3,0.0352,1.1124,8e69ef22fe2e3481ff3e1590c4ebeacae573fad34bac1f1d6df70f29fc2502c2,True,
IMG_0079,Ilmenite/27.jpg,/content/BSM-Project/data/raw/BSM/Ilmenite/27.jpg,Ilmenite,Ilmenite,GRP_0079,.jpg,12044,181,187,3,0.0338,0.9679,1a3d61f51e85876d2c703c94c8c41fa4f8ebb962daf9ee2e7368e13ad450da7e,True,
IMG_0080,Ilmenite/28.jpg,/content/BSM-Project/data/raw/BSM/Ilmenite/28.jpg,Ilmenite,Ilmenite,GRP_0080,.jpg,10158,196,178,3,0.0349,1.1011,9057a55c1688fc454705ddc77c7b5e4d240d945f53b612de976eaa80d24e5c63,True,
IMG_0081,Ilmenite/29.jpg,/content/BSM-Project/data/raw/BSM/Ilmenite/29.jpg,Ilmenite,Ilmenite,GRP_0081,.jpg,10376,177,175,3,0.031,1.0114,8ee4b21eb18b1fe384f7fcb4a3cda54ded6aac9142054fe6a52d5f61abe88efb,True,
IMG_0082,Ilmenite/3.jpg,/content/BSM-Project/data/raw/BSM/Ilmenite/3.jpg,Ilmenite,Ilmenite,GRP_0082,.jpg,12582,244,196,3,0.0478,1.2449,58b48d077840d9a81c0924e5dcc02edb0f9bf2c244eeaab291d2b533ed0b0d18,True,
IMG_0083,Ilmenite/30.jpg,/content/BSM-Project/data/raw/BSM/Ilmenite/30.jpg,Ilmenite,Ilmenite,GRP_0083,.jpg,18911,259,174,3,0.0451,1.4885,6c4a1c2d17a766827a1c6e8d252ec40c29de327f97172f397034eb56e66a3a2f,True,
IMG_0084,Ilmenite/31.jpg,/content/BSM-Project/data/raw/BSM/Ilmenite/31.jpg,Ilmenite,Ilmenite,GRP_0084,.jpg,9553,148,177,3,0.0262,0.8362,a42216e823b655ea671948b06c0db1c27dbe52ecd4165549b1c493efa32fb6d3,True,
IMG_0085,Ilmenite/32.jpg,/content/BSM-Project/data/raw/BSM/Ilmenite/32.jpg,Ilmenite,Ilmenite,GRP_0085,.jpg,18604,297,189,3,0.0561,1.5714,d757de05e35242c75a7ac2a87e8b675340f17679095025b05b2af1ff5ef91b84,True,
IMG_0086,Ilmenite/33.jpg,/content/BSM-Project/data/raw/BSM/Ilmenite/33.jpg,Ilmenite,Ilmenite,GRP_0086,.jpg,11682,190,168,3,0.0319,1.131,73355ada710412cae4a3e1625ae6e7ce3a1dde654d2255d7453913de40da02a8,True,
IMG_0087,Ilmenite/34.jpg,/content/BSM-Project/data/raw/BSM/Ilmenite/34.jpg,Ilmenite,Ilmenite,GRP_0087,.jpg,12968,208,190,3,0.0395,1.0947,6284c2fa2d1e2196e16a3f8cc4a6074ba146b4a8ef04b3c7385c33954a1f867a,True,
IMG_0088,Ilmenite/35.jpg,/content/BSM-Project/data/raw/BSM/Ilmenite/35.jpg,Ilmenite,Ilmenite,GRP_0088,.jpg,17930,286,178,3,0.0509,1.6067,b5c4313a0b6049f0d87aaa6e43c44195cebfdc54b56cc2966170f9d289fdeed8,True,
IMG_0089,Ilmenite/36.jpg,/content/BSM-Project/data/raw/BSM/Ilmenite/36.jpg,Ilmenite,Ilmenite,GRP_0089,.jpg,17182,289,172,3,0.0497,1.6802,f205a68e37fa8007bbe883591e9603fe5d99e3191f65b86531d9f11d5d000a89,True,
IMG_0090,Ilmenite/37.jpg,/content/BSM-Project/data/raw/BSM/Ilmenite/37.jpg,Ilmenite,Ilmenite,GRP_0090,.jpg,12225,169,205,3,0.0346,0.8244,8093183ae6e7a6302c291e148e0410130463b7f844ae55c5fc791dc599b2f558,True,
IMG_0091,Ilmenite/38.jpg,/content/BSM-Project/data/raw/BSM/Ilmenite/38.jpg,Ilmenite,Ilmenite,GRP_0091,.jpg,9203,171,142,3,0.0243,1.2042,bee9b6b58c8544aa68cc0d58bbd6e6670be56aff330d625e4ffec8eda5307931,True,
IMG_0092,Ilmenite/39.jpg,/content/BSM-Project/data/raw/BSM/Ilmenite/39.jpg,Ilmenite,Ilmenite,GRP_0092,.jpg,17224,288,174,3,0.0501,1.6552,c939c957a282381de417e6c05124136a6801b776319511851c3ebb6a29521e19,True,
IMG_0093,Ilmenite/4.jpg,/content/BSM-Project/data/raw/BSM/Ilmenite/4.jpg,Ilmenite,Ilmenite,GRP_0093,.jpg,13859,258,187,3,0.0482,1.3797,3e37f225fe6621c1cf979f590b73248e161dc3bf2590d0032f5d7b471e7e480c,True,
IMG_0094,Ilmenite/40.jpg,/content/BSM-Project/data/raw/BSM/Ilmenite/40.jpg,Ilmenite,Ilmenite,GRP_0094,.jpg,13557,223,163,3,0.0363,1.3681,68a5d8e4a7cc777a9067144acc81c68de0c1a384e3c522ed6628e1228df6c899,True,
IMG_0095,Ilmenite/41.jpg,/content/BSM-Project/data/raw/BSM/Ilmenite/41.jpg,Ilmenite,Ilmenite,GRP_0095,.jpg,15406,259,160,3,0.0414,1.6187,7a640a651e8ee87e984ed5c3ec5516f41f4cc301f4e35d550efafc1850cf45a1,True,
IMG_0096,Ilmenite/42.jpg,/content/BSM-Project/data/raw/BSM/Ilmenite/42.jpg,Ilmenite,Ilmenite,GRP_0096,.jpg,12887,235,168,3,0.0395,1.3988,5c1b1a13fb9f88a36940f95decebccae4eb7afc9f85f040e4bbc13fb71fc2ade,True,
IMG_0097,Ilmenite/43.jpg,/content/BSM-Project/data/raw/BSM/Ilmenite/43.jpg,Ilmenite,Ilmenite,GRP_0097,.jpg,10982,238,172,3,0.0409,1.3837,05d0162eac35c6b668d9dd47a36cd74b817ec9dc1e47393523c3b42a31335bdb,True,
IMG_0098,Ilmenite/44.jpg,/content/BSM-Project/data/raw/BSM/Ilmenite/44.jpg,Ilmenite,Ilmenite,GRP_0098,.jpg,18476,274,178,3,0.0488,1.5393,ec6ce81f90c7242113f80c00dc0897ec64c15397e34cc0892afafe3dadf2eeed,True,
IMG_0099,Ilmenite/45.jpg,/content/BSM-Project/data/raw/BSM/Ilmenite/45.jpg,Ilmenite,Ilmenite,GRP_0099,.jpg,16116,253,172,3,0.0435,1.4709,c65363b192a1fd672c8e22e2e33e7da67be090a82fe2314664a5258f264c91a6,True,
IMG_0100,Ilmenite/46.jpg,/content/BSM-Project/data/raw/BSM/Ilmenite/46.jpg,Ilmenite,Ilmenite,GRP_0100,.jpg,12478,235,159,3,0.0374,1.478,8f0426d94a86be03007d04a34eb53ca86905005976fc7b77025d36a65c20a145,True,
IMG_0101,Ilmenite/47.jpg,/content/BSM-Project/data/raw/BSM/Ilmenite/47.jpg,Ilmenite,Ilmenite,GRP_0101,.jpg,10623,208,168,3,0.0349,1.2381,777c119df04038c543e01c917bc038647dd5481c4d88dbd36edca9afc881a35b,True,
IMG_0102,Ilmenite/48.jpg,/content/BSM-Project/data/raw/BSM/Ilmenite/48.jpg,Ilmenite,Ilmenite,GRP_0102,.jpg,18268,262,174,3,0.0456,1.5057,6bc8d0869fd1c05d7ce2e98b062dea64692f791f5ee9db590682de366ffb555e,True,
IMG_0103,Ilmenite/49.jpg,/content/BSM-Project/data/raw/BSM/Ilmenite/49.jpg,Ilmenite,Ilmenite,GRP_0103,.jpg,13080,235,169,3,0.0397,1.3905,0296dc27f0f1c35b1661ae2204daa566b9ce8ff0cdde2dc95bd54ad29167a36a,True,
IMG_0104,Ilmenite/5.jpg,/content/BSM-Project/data/raw/BSM/Ilmenite/5.jpg,Ilmenite,Ilmenite,GRP_0104,.jpg,14515,256,166,3,0.0425,1.5422,71abf2f15ee7877eae1673beb9d255cadc51822dc1dd2905cc68174eb32b098c,True,
IMG_0105,Ilmenite/50.jpg,/content/BSM-Project/data/raw/BSM/Ilmenite/50.jpg,Ilmenite,Ilmenite,GRP_0105,.jpg,16924,282,177,3,0.0499,1.5932,ca093d724120eb1ef6d1a29abe088b06a5e80f7e0fefedc1bc84bfd10019a919,True,
IMG_0106,Ilmenite/51.jpg,/content/BSM-Project/data/raw/BSM/Ilmenite/51.jpg,Ilmenite,Ilmenite,GRP_0106,.jpg,16398,280,175,3,0.049,1.6,3e1d37814161c9ab8b631d3cfdba69bab0bbb78d1cf224d0950bc66477e21a59,True,
IMG_0107,Ilmenite/52.jpg,/content/BSM-Project/data/raw/BSM/Ilmenite/52.jpg,Ilmenite,Ilmenite,GRP_0107,.jpg,22820,304,190,3,0.0578,1.6,cc704d2e219e8c45abb461d2fe89444b42d3cc3e98e69fc0f678dc24869cbbf3,True,
IMG_0108,Ilmenite/53.jpg,/content/BSM-Project/data/raw/BSM/Ilmenite/53.jpg,Ilmenite,Ilmenite,GRP_0108,.jpg,22786,298,190,3,0.0566,1.5684,fd8bc363674fee3e81d96f001911936d8e3d2cb62637568b93eecc9c2b41eb07,True,
IMG_0109,Ilmenite/54.jpg,/content/BSM-Project/data/raw/BSM/Ilmenite/54.jpg,Ilmenite,Ilmenite,GRP_0109,.jpg,8805,196,165,3,0.0323,1.1879,962939dac7938bd8e7e657043035654d8bf218d33b5861e2073ee695def1b306,True,
IMG_0110,Ilmenite/55.jpg,/content/BSM-Project/data/raw/BSM/Ilmenite/55.jpg,Ilmenite,Ilmenite,GRP_0110,.jpg,10764,223,166,3,0.037,1.3434,9250d273ca2554393286a41249df1b41001b37d2bc16289a8f71937f055e6ef5,True,
IMG_0111,Ilmenite/56.jpg,/content/BSM-Project/data/raw/BSM/Ilmenite/56.jpg,Ilmenite,Ilmenite,GRP_0111,.jpg,11034,210,172,3,0.0361,1.2209,6fbad2094e7d40996c8a4bd078ed65bf5fcbb5ee746ae04e5e5d82ec3bb7e6ea,True,
IMG_0112,Ilmenite/57.jpg,/content/BSM-Project/data/raw/BSM/Ilmenite/57.jpg,Ilmenite,Ilmenite,GRP_0112,.jpg,18110,289,177,3,0.0512,1.6328,fbafaac379379d2a0ef3a3cea5dc09034903699e942c877b8637623a434c83d6,True,
IMG_0113,Ilmenite/58.jpg,/content/BSM-Project/data/raw/BSM/Ilmenite/58.jpg,Ilmenite,Ilmenite,GRP_0113,.jpg,17850,292,183,3,0.0534,1.5956,a6f6d563e25fb666ddb02432cbe135cd2799e016b8fcde2cfac05b1a1e6f8ab0,True,
IMG_0114,Ilmenite/59.jpg,/content/BSM-Project/data/raw/BSM/Ilmenite/59.jpg,Ilmenite,Ilmenite,GRP_0114,.jpg,18484,274,184,3,0.0504,1.4891,8810e971aba32120367c2a58ccfc5b50dbb7727a3a2db6ea209a67873c7eef0b,True,
IMG_0115,Ilmenite/6.jpg,/content/BSM-Project/data/raw/BSM/Ilmenite/6.jpg,Ilmenite,Ilmenite,GRP_0115,.jpg,11487,214,180,3,0.0385,1.1889,1cba46b0c8f346aab91e37eb60575716f75126d6a85c98e96fdf1a65434c684e,True,
IMG_0116,Ilmenite/60.jpg,/content/BSM-Project/data/raw/BSM/Ilmenite/60.jpg,Ilmenite,Ilmenite,GRP_0116,.jpg,17655,291,172,3,0.0501,1.6919,835b54fc51ab9ae64ec6a9cbf9e6518b32a2365743d68a04059bae9cd53f1d37,True,
IMG_0117,Ilmenite/61.jpg,/content/BSM-Project/data/raw/BSM/Ilmenite/61.jpg,Ilmenite,Ilmenite,GRP_0117,.jpg,10603,220,175,3,0.0385,1.2571,a2098600eaee062b4ae2fa766a983da485ac9eab4bcc8bf067d0ccfb6ab9e246,True,
IMG_0118,Ilmenite/62.jpg,/content/BSM-Project/data/raw/BSM/Ilmenite/62.jpg,Ilmenite,Ilmenite,GRP_0118,.jpg,11447,213,181,3,0.0386,1.1768,5443fc9cb87b441d1a3d5ff6ba9aa40df91b6ac3e86b85ec45b2a5e7cfc5e0c0,True,
IMG_0119,Ilmenite/7.jpg,/content/BSM-Project/data/raw/BSM/Ilmenite/7.jpg,Ilmenite,Ilmenite,GRP_0119,.jpg,12517,250,166,3,0.0415,1.506,42d52eb0bc01bd553fca019e4926789ee633aabbce9fcce3a15c74021f503eaa,True,
IMG_0120,Ilmenite/8.jpg,/content/BSM-Project/data/raw/BSM/Ilmenite/8.jpg,Ilmenite,Ilmenite,GRP_0120,.jpg,18786,253,187,3,0.0473,1.3529,9e4fa6d9ae83b28d8a9390622a0e8cf302ecf480bc1ebdb8e585533a8edd8523,True,
IMG_0121,Ilmenite/9.jpg,/content/BSM-Project/data/raw/BSM/Ilmenite/9.jpg,Ilmenite,Ilmenite,GRP_0121,.jpg,13892,249,181,3,0.0451,1.3757,a555e28a28d8e0cbae96f50ede559f40020c0023e297d079a7d06f3f41c30854,True,
IMG_0122,Monazite/1.jpg,/content/BSM-Project/data/raw/BSM/Monazite/1.jpg,Monazite,Monazite,GRP_0122,.jpg,12962,241,233,3,0.0562,1.0343,7cb60bf4c1663f6998ac412f33e54b5b340c0bccf0ff54eb71ff8fd7c38333b7,True,
IMG_0123,Monazite/10.jpg,/content/BSM-Project/data/raw/BSM/Monazite/10.jpg,Monazite,Monazite,GRP_0123,.jpg,14590,276,222,3,0.0613,1.2432,0d6faad599b2151dd1f4b9c7edff23de425b56b95826dae93e3ee35d669dede7,True,
IMG_0124,Monazite/11.jpg,/content/BSM-Project/data/raw/BSM/Monazite/11.jpg,Monazite,Monazite,GRP_0124,.jpg,18728,262,256,3,0.0671,1.0234,fc1b69ce1bffda752c672868e5c261ccc5283a61b74c63091cc3c908e78179f5,True,
IMG_0125,Monazite/12.jpg,/content/BSM-Project/data/raw/BSM/Monazite/12.jpg,Monazite,Monazite,GRP_0125,.jpg,10285,163,206,3,0.0336,0.7913,9e8f86b1dd1e679c7983b0eaf74e250866d811804b2a6295454c5e0a387e1852,True,
IMG_0126,Monazite/13.jpg,/content/BSM-Project/data/raw/BSM/Monazite/13.jpg,Monazite,Monazite,GRP_0126,.jpg,6619,132,218,3,0.0288,0.6055,aafc0bcddd5c898de4102bf228ad02cd59282bdbf9082f934aa7bd9e2da818d6,True,
IMG_0127,Monazite/14.jpg,/content/BSM-Project/data/raw/BSM/Monazite/14.jpg,Monazite,Monazite,GRP_0127,.jpg,11343,251,181,3,0.0454,1.3867,c01ba74be7fd2496b2bcf018094d83ee5db59ef7ab41c4ea11fae5e87a5343f8,True,
IMG_0128,Monazite/15.jpg,/content/BSM-Project/data/raw/BSM/Monazite/15.jpg,Monazite,Monazite,GRP_0128,.jpg,8962,137,218,3,0.0299,0.6284,21c8cbaaff2c39e586d32b96bc9be7588a3cac2e354a19b477f0a166c98d616f,True,
IMG_0129,Monazite/16.jpg,/content/BSM-Project/data/raw/BSM/Monazite/16.jpg,Monazite,Monazite,GRP_0129,.jpg,8948,186,187,3,0.0348,0.9947,5c17a8ee43d37b3f78b23c5234d253a3fc4fc92155cf2609dc2afa2992fda289,True,
IMG_0130,Monazite/17.jpg,/content/BSM-Project/data/raw/BSM/Monazite/17.jpg,Monazite,Monazite,GRP_0130,.jpg,36958,422,300,3,0.1266,1.4067,95d4e51e2e2480fc565c49d8d570fa9726ecc8a7f90faa193b6b586c330f941f,True,
IMG_0131,Monazite/18.jpg,/content/BSM-Project/data/raw/BSM/Monazite/18.jpg,Monazite,Monazite,GRP_0131,.jpg,10587,195,140,3,0.0273,1.3929,755b3eec109cb6df35787a11f6cecf42157cba46383617abcd356ca0587bbef6,True,
IMG_0132,Monazite/19.jpg,/content/BSM-Project/data/raw/BSM/Monazite/19.jpg,Monazite,Monazite,GRP_0132,.jpg,23677,396,208,3,0.0824,1.9038,8b04960d83c80c3ed5ffe0a2ddc5f40c571dadb9a430864acefdd9e5bc9300eb,True,
IMG_0133,Monazite/2.jpg,/content/BSM-Project/data/raw/BSM/Monazite/2.jpg,Monazite,Monazite,GRP_0133,.jpg,25939,320,228,3,0.073,1.4035,4b16c98128ea422f254f14c84da825f0ea652fc54ac92eca5b0575af43da1374,True,
IMG_0134,Monazite/20.jpg,/content/BSM-Project/data/raw/BSM/Monazite/20.jpg,Monazite,Monazite,GRP_0134,.jpg,14468,262,220,3,0.0576,1.1909,c431860e1ec627369bc74be6f437f03ca819b7c6e104a150b9fbc74b911d65b4,True,
IMG_0135,Monazite/21.jpg,/content/BSM-Project/data/raw/BSM/Monazite/21.jpg,Monazite,Monazite,GRP_0135,.jpg,9959,172,122,3,0.021,1.4098,92fd47dae9e3055560898d251a98e9533e0e0fe2297b47829b9c783a3aae14a0,True,
IMG_0136,Monazite/22.jpg,/content/BSM-Project/data/raw/BSM/Monazite/22.jpg,Monazite,Monazite,GRP_0136,.jpg,23234,307,240,3,0.0737,1.2792,cf761a3b287e67e08430514d757833926d627240f5ea3a73bd3c42def58fd8ee,True,
IMG_0137,Monazite/23.jpg,/content/BSM-Project/data/raw/BSM/Monazite/23.jpg,Monazite,Monazite,GRP_0137,.jpg,12861,257,205,3,0.0527,1.2537,1e8c9519ae391ec803614926bc1b2141b28fcc50543842c1db1e5ad9b70e4424,True,
IMG_0138,Monazite/24.jpg,/content/BSM-Project/data/raw/BSM/Monazite/24.jpg,Monazite,Monazite,GRP_0138,.jpg,47998,417,268,3,0.1118,1.556,d439e987ba6804b8b9d0285527d0f702d44eaf1aa8c336c10daca3a847e65f41,True,
IMG_0139,Monazite/25.jpg,/content/BSM-Project/data/raw/BSM/Monazite/25.jpg,Monazite,Monazite,GRP_0139,.jpg,16289,208,191,3,0.0397,1.089,22ac59eb5bc44589ec901492d024e68c0adfa031b7d999e4714b917c084ce1b1,True,
IMG_0140,Monazite/26.jpg,/content/BSM-Project/data/raw/BSM/Monazite/26.jpg,Monazite,Monazite,GRP_0140,.jpg,16351,197,200,3,0.0394,0.985,a2ac205108e4e86394159dacc216f76aa5f4d4c3ec03ff0aae4d1fb67fab00d1,True,
IMG_0141,Monazite/27.jpg,/content/BSM-Project/data/raw/BSM/Monazite/27.jpg,Monazite,Monazite,GRP_0141,.jpg,15547,228,187,3,0.0426,1.2193,5739647cb83286eaae85581b445e6da0a04d78d87d7703f15e8f5a3fdacbbe70,True,
IMG_0142,Monazite/28.jpg,/content/BSM-Project/data/raw/BSM/Monazite/28.jpg,Monazite,Monazite,GRP_0142,.jpg,4562,117,117,3,0.0137,1.0,cdb76ccf3a88c94d3bc8bf8395dbf5e66e78f2bb54cb12d83a59d5e529893a7a,True,
IMG_0143,Monazite/29.jpg,/content/BSM-Project/data/raw/BSM/Monazite/29.jpg,Monazite,Monazite,GRP_0143,.jpg,22751,377,231,3,0.0871,1.632,dee29c9273e5c0ea533f7dd132d147fc66bffa1da7e44b85ef9786ee9af2aba2,True,
IMG_0144,Monazite/3.jpg,/content/BSM-Project/data/raw/BSM/Monazite/3.jpg,Monazite,Monazite,GRP_0144,.jpg,24670,305,208,3,0.0634,1.4663,0db07705128eca7f709d721a636a0eb606adaada4ad8f263c423bdfc73e9f0c2,True,
IMG_0145,Monazite/30.jpg,/content/BSM-Project/data/raw/BSM/Monazite/30.jpg,Monazite,Monazite,GRP_0145,.jpg,21788,317,287,3,0.091,1.1045,380b8a266e83ad9eaed8a18371e264f3c0cba7decba3a33a0e40d8bd17851ccf,True,
IMG_0146,Monazite/31.jpg,/content/BSM-Project/data/raw/BSM/Monazite/31.jpg,Monazite,Monazite,GRP_0146,.jpg,9624,163,267,3,0.0435,0.6105,b8ecbb46ebb9a580db6e02263863631388dbfcf595d34ab3ca24ab12b5a25857,True,
IMG_0147,Monazite/32.jpg,/content/BSM-Project/data/raw/BSM/Monazite/32.jpg,Monazite,Monazite,GRP_0147,.jpg,16337,205,188,3,0.0385,1.0904,27a63e3fbbd7cbe186b6b5c70b80c172f58f16e655cc784ceb00fd643df12bc1,True,
IMG_0148,Monazite/33.jpg,/content/BSM-Project/data/raw/BSM/Monazite/33.jpg,Monazite,Monazite,GRP_0148,.jpg,11346,157,190,3,0.0298,0.8263,d15f5dc51c9e73b6d90f3ade2bb77e82cb82bdd55ce9221519e6238acf8327aa,True,
IMG_0149,Monazite/34.jpg,/content/BSM-Project/data/raw/BSM/Monazite/34.jpg,Monazite,Monazite,GRP_0149,.jpg,11405,237,197,3,0.0467,1.203,1e0da312bf85afccb6e0bdcd8fa3c1abd58b441d9f45197cb42be8d966eaa8a6,True,
IMG_0150,Monazite/35.jpg,/content/BSM-Project/data/raw/BSM/Monazite/35.jpg,Monazite,Monazite,GRP_0150,.jpg,13820,256,202,3,0.0517,1.2673,022a8c6135a1040d18fb385a934d22128f8301c4c4775288c500852fa11674b1,True,
IMG_0151,Monazite/36.jpg,/content/BSM-Project/data/raw/BSM/Monazite/36.jpg,Monazite,Monazite,GRP_0151,.jpg,5486,152,113,3,0.0172,1.3451,88061180d0f433c12858887401d7f776f4d6f8948759f5ad582ff0e9b6e7096d,True,
IMG_0152,Monazite/37.jpg,/content/BSM-Project/data/raw/BSM/Monazite/37.jpg,Monazite,Monazite,GRP_0152,.jpg,14914,270,162,3,0.0437,1.6667,7aa164622a872396dead0b2ea186882264ed4046dcbe504e75f163416c8c9c86,True,
IMG_0153,Monazite/38.jpg,/content/BSM-Project/data/raw/BSM/Monazite/38.jpg,Monazite,Monazite,GRP_0153,.jpg,10868,302,163,3,0.0492,1.8528,76c1a6b781b63c4a4bcf2ebacbd2c56f67d78b17e9f76d4fbad1ff83d067a353,True,
IMG_0154,Monazite/39.jpg,/content/BSM-Project/data/raw/BSM/Monazite/39.jpg,Monazite,Monazite,GRP_0154,.jpg,12708,165,208,3,0.0343,0.7933,ffb1dbd092b05b5284882467c1a5ab4dfb27ab385dd58c0020ceb6b818a98cf8,True,
IMG_0155,Monazite/4.jpg,/content/BSM-Project/data/raw/BSM/Monazite/4.jpg,Monazite,Monazite,GRP_0155,.jpg,8858,256,167,3,0.0428,1.5329,0e609fe7399016aaf202c4bf2a43f94c6879a86a24ad00cfb532f5c8186c851a,True,
IMG_0156,Monazite/40.jpg,/content/BSM-Project/data/raw/BSM/Monazite/40.jpg,Monazite,Monazite,GRP_0156,.jpg,11857,222,177,3,0.0393,1.2542,bf8a3c9690f4f9e6cd764f9fd18bb080969e82518fab3682a6eaac16dd472e59,True,
IMG_0157,Monazite/41.jpg,/content/BSM-Project/data/raw/BSM/Monazite/41.jpg,Monazite,Monazite,GRP_0157,.jpg,11337,181,200,3,0.0362,0.905,4b33dfefd19a0f805f86fba70ea26bd930b09c8f2b47705bd3de58bd91841438,True,
IMG_0158,Monazite/42.jpg,/content/BSM-Project/data/raw/BSM/Monazite/42.jpg,Monazite,Monazite,GRP_0158,.jpg,8874,167,156,3,0.0261,1.0705,5cfd4d6bc3a5a5d77303c0ee213ce2f772233a2d33e22dedcf51665097aa0b30,True,
IMG_0159,Monazite/43.jpg,/content/BSM-Project/data/raw/BSM/Monazite/43.jpg,Monazite,Monazite,GRP_0159,.jpg,8099,203,162,3,0.0329,1.2531,4bd442843179e28d444757bd11edb3cbdbcf5ace51f60a97dbfb0d66c0956813,True,
IMG_0160,Monazite/44.jpg,/content/BSM-Project/data/raw/BSM/Monazite/44.jpg,Monazite,Monazite,GRP_0160,.jpg,7185,121,157,3,0.019,0.7707,2801194f26c1d54fb47b15a8915930679194a09049c45b66b0be0054c9b5289b,True,
IMG_0161,Monazite/45.jpg,/content/BSM-Project/data/raw/BSM/Monazite/45.jpg,Monazite,Monazite,GRP_0161,.jpg,12872,233,222,3,0.0517,1.0495,9f351be4e6c51c181f4929628c26225dca284cfc5209515238a0542fd378f168,True,
IMG_0162,Monazite/46.jpg,/content/BSM-Project/data/raw/BSM/Monazite/46.jpg,Monazite,Monazite,GRP_0162,.jpg,13441,242,206,3,0.0499,1.1748,41a433e1fc9c3948cf764ee8d19f83856d1d3cd625abf6c2d7ecd89a7c5698aa,True,
IMG_0163,Monazite/47.jpg,/content/BSM-Project/data/raw/BSM/Monazite/47.jpg,Monazite,Monazite,GRP_0163,.jpg,55880,423,411,3,0.1739,1.0292,02ce76f84bcd4d6858e6ef793ffdd9bbcb6f937ec54b61261b4d6aa249f84c46,True,
IMG_0164,Monazite/48.jpg,/content/BSM-Project/data/raw/BSM/Monazite/48.jpg,Monazite,Monazite,GRP_0164,.jpg,33367,363,317,3,0.1151,1.1451,77fd8227a2bfe3f120772534347bab2fdc73f43f738338ceebad9bf234dfc8ca,True,
IMG_0165,Monazite/49.jpg,/content/BSM-Project/data/raw/BSM/Monazite/49.jpg,Monazite,Monazite,GRP_0165,.jpg,55275,498,362,3,0.1803,1.3757,26ac768a2282f2f5bcc49712e7aa9a723ffb46dbe2255a3143a3eda76f3c8c14,True,
IMG_0166,Monazite/5.jpg,/content/BSM-Project/data/raw/BSM/Monazite/5.jpg,Monazite,Monazite,GRP_0166,.jpg,11859,235,203,3,0.0477,1.1576,4129842d2e435e4d0e7cc7e378a9fc3287aaddadf45deb0887c3bcc223704247,True,
IMG_0167,Monazite/50.jpg,/content/BSM-Project/data/raw/BSM/Monazite/50.jpg,Monazite,Monazite,GRP_0167,.jpg,65207,425,530,3,0.2253,0.8019,b5532f202c96b767c6b0b93743e20aec4fca40462903a759f8a11f5c7b3769c3,True,
IMG_0168,Monazite/51.jpg,/content/BSM-Project/data/raw/BSM/Monazite/51.jpg,Monazite,Monazite,GRP_0168,.jpg,21975,353,172,3,0.0607,2.0523,e44af8433a27e1c22fcca9a247ff026b853fd26e23325101a038c04bbb2f6de3,True,
IMG_0169,Monazite/52.jpg,/content/BSM-Project/data/raw/BSM/Monazite/52.jpg,Monazite,Monazite,GRP_0169,.jpg,21644,393,267,3,0.1049,1.4719,9d5295e6203e1613104f434ce6a476493da7efbc1ae4596d83ce18ad6695c6d4,True,
IMG_0170,Monazite/53.jpg,/content/BSM-Project/data/raw/BSM/Monazite/53.jpg,Monazite,Monazite,GRP_0170,.jpg,18887,252,237,3,0.0597,1.0633,c4253edcdc94238b5c6a91d5a9b1e84a903278ed75405fefb132c0a09e323df9,True,
IMG_0171,Monazite/54.jpg,/content/BSM-Project/data/raw/BSM/Monazite/54.jpg,Monazite,Monazite,GRP_0171,.jpg,59056,470,392,3,0.1842,1.199,bcb2e0f26b30fc73a3c86ba1b7714c3c743a1e4754eb1c7994cdc8dcf99c7267,True,
IMG_0172,Monazite/55.jpg,/content/BSM-Project/data/raw/BSM/Monazite/55.jpg,Monazite,Monazite,GRP_0172,.jpg,168769,765,622,3,0.4758,1.2299,7ecc2a0f6b605a0ef26d0380b714352261fcfe99cda7cfbee68a7ebb558a5785,True,
IMG_0173,Monazite/56.jpg,/content/BSM-Project/data/raw/BSM/Monazite/56.jpg,Monazite,Monazite,GRP_0173,.jpg,26314,507,262,3,0.1328,1.9351,c7c150363a54399fa9ad221b5f96d3e78b95b70ce6d8988b0d443c4d2c8a91ca,True,
IMG_0174,Monazite/57.jpg,/content/BSM-Project/data/raw/BSM/Monazite/57.jpg,Monazite,Monazite,GRP_0174,.jpg,121398,748,641,3,0.4795,1.1669,868d7d2b5f4bdee6409c882d0ce8995634c3f4e3b64c4b70289a7bbf4da26592,True,
IMG_0175,Monazite/58.jpg,/content/BSM-Project/data/raw/BSM/Monazite/58.jpg,Monazite,Monazite,GRP_0175,.jpg,78468,550,411,3,0.2261,1.3382,e3eb1666ce89371648f2e3fcb925fe854c852e2520cb12845ce02b8e8f693674,True,
IMG_0176,Monazite/59.jpg,/content/BSM-Project/data/raw/BSM/Monazite/59.jpg,Monazite,Monazite,GRP_0176,.jpg,30344,407,378,3,0.1538,1.0767,be1c37d76e2a56eb287c54ae7676c0140ed11426794ad73f981cdabab4edca6c,True,
IMG_0177,Monazite/6.jpg,/content/BSM-Project/data/raw/BSM/Monazite/6.jpg,Monazite,Monazite,GRP_0177,.jpg,9093,140,232,3,0.0325,0.6034,4b6510dbf240eb25f483e0ce875b2ab1690515f062dc0d4ea72cdaa82b0cff7a,True,
IMG_0178,Monazite/60.jpg,/content/BSM-Project/data/raw/BSM/Monazite/60.jpg,Monazite,Monazite,GRP_0178,.jpg,22834,282,215,3,0.0606,1.3116,05025d2b92020e7e5a31b61997ee2333cbba963126440494e2aed778f473cc58,True,
IMG_0179,Monazite/7.jpg,/content/BSM-Project/data/raw/BSM/Monazite/7.jpg,Monazite,Monazite,GRP_0179,.jpg,25414,378,206,3,0.0779,1.835,c2e2f3ddd7ea11d1e91dc0c98268c3c5da19a97fc775c90aa22c89c1fa4d899d,True,
IMG_0180,Monazite/8.jpg,/content/BSM-Project/data/raw/BSM/Monazite/8.jpg,Monazite,Monazite,GRP_0180,.jpg,5859,150,167,3,0.025,0.8982,ac0141b5f58e5970a945e326cbef64117306fe7913bac587e0073e23c66435cb,True,
IMG_0181,Monazite/9.jpg,/content/BSM-Project/data/raw/BSM/Monazite/9.jpg,Monazite,Monazite,GRP_0181,.jpg,8565,212,151,3,0.032,1.404,823521337b9854961823fd1601a64588720a7614fad440ec1fdddb0849e1119a,True,
IMG_0182,Rutile/10.jpg,/content/BSM-Project/data/raw/BSM/Rutile/10.jpg,Rutile,Rutile,GRP_0182,.jpg,11349,192,178,3,0.0342,1.0787,06551bd308b3e8a774f012745e83aa03fe35edac02f9182d40f91a2ea37b3320,True,
IMG_0183,Rutile/11.jpg,/content/BSM-Project/data/raw/BSM/Rutile/11.jpg,Rutile,Rutile,GRP_0183,.jpg,9888,190,181,3,0.0344,1.0497,97099758062b275bad2f0faed443c5dae227c3053d78a4772a27a1c3dfb793ab,True,
IMG_0184,Rutile/12.jpg,/content/BSM-Project/data/raw/BSM/Rutile/12.jpg,Rutile,Rutile,GRP_0184,.jpg,10132,244,204,3,0.0498,1.1961,199f4b096236c21596343ac4dcc16c7352bbdccd5a4f9b443047cc8fd1fff127,True,
IMG_0185,Rutile/13.jpg,/content/BSM-Project/data/raw/BSM/Rutile/13.jpg,Rutile,Rutile,GRP_0185,.jpg,15295,223,190,3,0.0424,1.1737,e6224451193e2f30c472b55db1352740e1a04acf40f0d9133d1bb14d54e8b711,True,
IMG_0186,Rutile/14.jpg,/content/BSM-Project/data/raw/BSM/Rutile/14.jpg,Rutile,Rutile,GRP_0186,.jpg,6095,231,148,3,0.0342,1.5608,177546bbc1e65ca7472a4b3dc5502042c20cd2f1512ba2f3973fd7c353c827a1,True,
IMG_0187,Rutile/15.jpg,/content/BSM-Project/data/raw/BSM/Rutile/15.jpg,Rutile,Rutile,GRP_0187,.jpg,11123,222,169,3,0.0375,1.3136,3d471e52c33163d3c8d1305df9f4709b66de1204343b037fbe9af8c193829360,True,
IMG_0188,Rutile/16.jpg,/content/BSM-Project/data/raw/BSM/Rutile/16.jpg,Rutile,Rutile,GRP_0188,.jpg,4465,160,103,3,0.0165,1.5534,8f488fe47ab0040953223e73f767d36d5b91637073b840a4beccef58c31ebf46,True,
IMG_0189,Rutile/17.jpg,/content/BSM-Project/data/raw/BSM/Rutile/17.jpg,Rutile,Rutile,GRP_0189,.jpg,11793,208,180,3,0.0374,1.1556,abdf8a5b0953f6527b1a390a973a53f794351114135e7374767dee45e3fbf47d,True,
IMG_0190,Rutile/18.jpg,/content/BSM-Project/data/raw/BSM/Rutile/18.jpg,Rutile,Rutile,GRP_0190,.jpg,8423,241,184,3,0.0443,1.3098,eaf811602f96684bf1d752ce0fdd87ecc9d9c5b5e6b9d43fa5c944aaf2b292db,True,
IMG_0191,Rutile/19.jpg,/content/BSM-Project/data/raw/BSM/Rutile/19.jpg,Rutile,Rutile,GRP_0191,.jpg,4110,153,91,3,0.0139,1.6813,5275c3cafeddaed9e4e374216699e166683efe7b0480b0adce388eaaa298cf6d,True,
IMG_0192,Rutile/2.jpg,/content/BSM-Project/data/raw/BSM/Rutile/2.jpg,Rutile,Rutile,GRP_0192,.jpg,9451,180,175,3,0.0315,1.0286,ca11aee7c0d0b0428e0a7efc94e6a6f159303cdf16fbfb2fcf70b9793a7c7735,True,
IMG_0193,Rutile/20.jpg,/content/BSM-Project/data/raw/BSM/Rutile/20.jpg,Rutile,Rutile,GRP_0193,.jpg,9770,238,168,3,0.04,1.4167,aadb41e9f2843f723cc88c622b93b6c601ddf8e7f8e3bd5240022107c0595578,True,
IMG_0194,Rutile/21.jpg,/content/BSM-Project/data/raw/BSM/Rutile/21.jpg,Rutile,Rutile,GRP_0194,.jpg,5920,247,148,3,0.0366,1.6689,e2244a698615315425a594b42968390f5047b86c2b00dbb831d0e238da0275c2,True,
IMG_0195,Rutile/22.jpg,/content/BSM-Project/data/raw/BSM/Rutile/22.jpg,Rutile,Rutile,GRP_0195,.jpg,11271,217,169,3,0.0367,1.284,cc07b7994d16d84905e9e082538663b586c4c9e964bf30563b8db6aa6c7e318c,True,
IMG_0196,Rutile/23.jpg,/content/BSM-Project/data/raw/BSM/Rutile/23.jpg,Rutile,Rutile,GRP_0196,.jpg,11768,222,169,3,0.0375,1.3136,f78a6b17ecd228abc4bae7bcf3a52afe8b17d9f78c5efeadcb6f54379467be19,True,
IMG_0197,Rutile/24.jpg,/content/BSM-Project/data/raw/BSM/Rutile/24.jpg,Rutile,Rutile,GRP_0197,.jpg,21696,307,184,3,0.0565,1.6685,05d03f6a6449f3757cd61dd5051c46cfd7c51731189ad69c2ac639bd89b54143,True,
IMG_0198,Rutile/25.jpg,/content/BSM-Project/data/raw/BSM/Rutile/25.jpg,Rutile,Rutile,GRP_0198,.jpg,5430,190,159,3,0.0302,1.195,eebcb9559de3980bb2fd24072355cdbe6d5097b06668f925d5911025b26a8814,True,
IMG_0199,Rutile/26.jpg,/content/BSM-Project/data/raw/BSM/Rutile/26.jpg,Rutile,Rutile,GRP_0199,.jpg,13159,214,180,3,0.0385,1.1889,d36fb85cb433254b1c9c930579cabff8076cfb68ec2528a514682255bc4cfc1f,True,
IMG_0200,Rutile/27.jpg,/content/BSM-Project/data/raw/BSM/Rutile/27.jpg,Rutile,Rutile,GRP_0200,.jpg,10596,196,172,3,0.0337,1.1395,9713c11a27e911aa6db1c4677f66390e39ead8c5aab2907c492c5c9112317c8f,True,
IMG_0201,Rutile/29.jpg,/content/BSM-Project/data/raw/BSM/Rutile/29.jpg,Rutile,Rutile,GRP_0201,.jpg,8707,216,187,3,0.0404,1.1551,fda2acd31f19516b4c8a9b03cfa309ecd7c0c47a2aa99b405ddfda1b0bddbcc0,True,
IMG_0202,Rutile/3.jpg,/content/BSM-Project/data/raw/BSM/Rutile/3.jpg,Rutile,Rutile,GRP_0202,.jpg,9282,235,153,3,0.036,1.5359,95e88523106a5c94aed240ed52d662c1f450d31327b8cd2f45ca3961abe38410,True,
IMG_0203,Rutile/30.jpg,/content/BSM-Project/data/raw/BSM/Rutile/30.jpg,Rutile,Rutile,GRP_0203,.jpg,12101,234,160,3,0.0374,1.4625,e30fed89abe587bbe265c798a7cee55cfacd239721eef6ba84292584147a514d,True,
IMG_0204,Rutile/32.jpg,/content/BSM-Project/data/raw/BSM/Rutile/32.jpg,Rutile,Rutile,GRP_0204,.jpg,12389,268,183,3,0.049,1.4645,d2d6c07f572153ea0da528b6cf8a20a860dca31c3e0e20a0f900572f6815816e,True,
IMG_0205,Rutile/33.jpg,/content/BSM-Project/data/raw/BSM/Rutile/33.jpg,Rutile,Rutile,GRP_0205,.jpg,8464,249,165,3,0.0411,1.5091,459aa804abc7403cf9fb6bbc9e18c7e4670abfddfded236fa2825c0a702758dc,True,
IMG_0206,Rutile/34.jpg,/content/BSM-Project/data/raw/BSM/Rutile/34.jpg,Rutile,Rutile,GRP_0206,.jpg,12442,277,180,3,0.0499,1.5389,56f8e8c7090bfd6737a0f619b146044c7d19bc098f093b9c19b41c7c078cac3f,True,
IMG_0207,Rutile/35.jpg,/content/BSM-Project/data/raw/BSM/Rutile/35.jpg,Rutile,Rutile,GRP_0207,.jpg,18891,337,144,3,0.0485,2.3403,062f04dbe08d67bc6ccd592dac1598d395279986e3a98c39bb9a6c19183766d9,True,
IMG_0208,Rutile/36.jpg,/content/BSM-Project/data/raw/BSM/Rutile/36.jpg,Rutile,Rutile,GRP_0208,.jpg,5006,186,165,3,0.0307,1.1273,2d4098ff9b4634130605bfa7030d45e6a8e0757ac23930136ebc5e79c75176e6,True,
IMG_0209,Rutile/37.jpg,/content/BSM-Project/data/raw/BSM/Rutile/37.jpg,Rutile,Rutile,GRP_0209,.jpg,13330,253,193,3,0.0488,1.3109,5026a5d4ddfe879b25feafc06a4c7f5b2f7f7479bfa7f47a7d181ade0274aa5a,True,
IMG_0210,Rutile/38.jpg,/content/BSM-Project/data/raw/BSM/Rutile/38.jpg,Rutile,Rutile,GRP_0210,.jpg,13759,211,193,3,0.0407,1.0933,78a0754d6ab5a142520cfd9c1276a8d089232ca96e978f6d202c4d7eb5a84257,True,
IMG_0211,Rutile/39.jpg,/content/BSM-Project/data/raw/BSM/Rutile/39.jpg,Rutile,Rutile,GRP_0211,.jpg,4531,244,169,3,0.0412,1.4438,5c31ed33389d4f6a4c37ca44b3de1732a1c65b517e7541bd422e110f2b773a12,True,
IMG_0212,Rutile/4.jpg,/content/BSM-Project/data/raw/BSM/Rutile/4.jpg,Rutile,Rutile,GRP_0212,.jpg,3020,145,130,3,0.0188,1.1154,502139b159418f82feee718fb273382732e51c9040a97ee3d717d9c8c6d2abf3,True,
IMG_0213,Rutile/40.jpg,/content/BSM-Project/data/raw/BSM/Rutile/40.jpg,Rutile,Rutile,GRP_0213,.jpg,17057,259,192,3,0.0497,1.349,a1862f4433d4fc77ed1c05a4a3fab21f79bcb5917e6c94252d23e3b7104bcf93,True,
IMG_0214,Rutile/41.jpg,/content/BSM-Project/data/raw/BSM/Rutile/41.jpg,Rutile,Rutile,GRP_0214,.jpg,13430,244,196,3,0.0478,1.2449,d17ec7198cf085c585e562f15fb8e8427e4067881db0899a2af61fd7a3ff7658,True,
IMG_0215,Rutile/42.jpg,/content/BSM-Project/data/raw/BSM/Rutile/42.jpg,Rutile,Rutile,GRP_0215,.jpg,8293,172,181,3,0.0311,0.9503,df34900f7b73ba3733a0abcbc39c5ed0c93d8855d958742aced6c147d226ee35,True,
IMG_0216,Rutile/43.jpg,/content/BSM-Project/data/raw/BSM/Rutile/43.jpg,Rutile,Rutile,GRP_0216,.jpg,11116,252,175,3,0.0441,1.44,4697371cf4960547b0a2468752002e2374259651ef35c7ab26c2414e4cec573d,True,
IMG_0217,Rutile/44.jpg,/content/BSM-Project/data/raw/BSM/Rutile/44.jpg,Rutile,Rutile,GRP_0217,.jpg,8908,217,163,3,0.0354,1.3313,93b8f1f9634bac1df938ad5a0394008ef3026e6e0aecddc285df0559bcd8dcba,True,
IMG_0218,Rutile/45.jpg,/content/BSM-Project/data/raw/BSM/Rutile/45.jpg,Rutile,Rutile,GRP_0218,.jpg,7524,228,157,3,0.0358,1.4522,f2184fdbd67d993a88567d75a61ec661ea8f6c267e130d55916fa012848a0515,True,
IMG_0219,Rutile/47.jpg,/content/BSM-Project/data/raw/BSM/Rutile/47.jpg,Rutile,Rutile,GRP_0219,.jpg,6769,217,178,3,0.0386,1.2191,e99ef60acbf210029d5b2123a714e440c3ef95d26518894439159bd211336792,True,
IMG_0220,Rutile/48.jpg,/content/BSM-Project/data/raw/BSM/Rutile/48.jpg,Rutile,Rutile,GRP_0220,.jpg,19521,298,192,3,0.0572,1.5521,7719560a07d162d8cefc2d0c5fa7db09976c83de3a0abdc6c613a36871f8fce3,True,
IMG_0221,Rutile/49.jpg,/content/BSM-Project/data/raw/BSM/Rutile/49.jpg,Rutile,Rutile,GRP_0221,.jpg,6033,235,142,3,0.0334,1.6549,45781e1e15c42a03e5573c26887871c7850e14cd7437e8c7d40d8570910d91b0,True,
IMG_0222,Rutile/50.jpg,/content/BSM-Project/data/raw/BSM/Rutile/50.jpg,Rutile,Rutile,GRP_0222,.jpg,9740,244,186,3,0.0454,1.3118,fa72aa5b05649f4982672211a66af3f2d16db632a563b3780379a2410fde374f,True,
IMG_0223,Rutile/51.jpg,/content/BSM-Project/data/raw/BSM/Rutile/51.jpg,Rutile,Rutile,GRP_0223,.jpg,7818,228,207,3,0.0472,1.1014,398fd5dd8b174453df99d5f89a67793a4ebc389e1bd7b09e588dbff02d051f32,True,
IMG_0224,Rutile/52.jpg,/content/BSM-Project/data/raw/BSM/Rutile/52.jpg,Rutile,Rutile,GRP_0224,.jpg,7777,136,183,3,0.0249,0.7432,419a6564cf991239efa78d0051fa1fd4d28b9442bdc872a6b711ae461dc4e386,True,
IMG_0225,Rutile/53.jpg,/content/BSM-Project/data/raw/BSM/Rutile/53.jpg,Rutile,Rutile,GRP_0225,.jpg,10001,238,166,3,0.0395,1.4337,3f929acb5dea195732de6310e37d7891d5934238495a7a8431df4f4caac209e4,True,
IMG_0226,Rutile/54.jpg,/content/BSM-Project/data/raw/BSM/Rutile/54.jpg,Rutile,Rutile,GRP_0226,.jpg,7436,229,172,3,0.0394,1.3314,9d8255d468faf235fa553314cc169df21cff8ef7a25f2915367402b403348977,True,
IMG_0227,Rutile/55.jpg,/content/BSM-Project/data/raw/BSM/Rutile/55.jpg,Rutile,Rutile,GRP_0227,.jpg,10579,253,160,3,0.0405,1.5813,d1c7cc0487d6691a4511bf365dc6e561a904e98bcd016276450b0eef5dad4b3c,True,
IMG_0228,Rutile/56.jpg,/content/BSM-Project/data/raw/BSM/Rutile/56.jpg,Rutile,Rutile,GRP_0228,.jpg,8296,205,171,3,0.0351,1.1988,7983ad0f64a9eb99a2fd13ae1d3bb470391841c15cd6b375cb53690cffa46d30,True,
IMG_0229,Rutile/57.jpg,/content/BSM-Project/data/raw/BSM/Rutile/57.jpg,Rutile,Rutile,GRP_0229,.jpg,8522,286,160,3,0.0458,1.7875,b7aeab2136adc9ada75742ad98f88a72ad945402d2f9c6348d472970f208bc29,True,
IMG_0230,Rutile/58.jpg,/content/BSM-Project/data/raw/BSM/Rutile/58.jpg,Rutile,Rutile,GRP_0230,.jpg,13286,208,190,3,0.0395,1.0947,231ad2746021533eb1c2cc19091fb3ad07267af036f32df99e3f88065e2b7cc7,True,
IMG_0231,Rutile/59.jpg,/content/BSM-Project/data/raw/BSM/Rutile/59.jpg,Rutile,Rutile,GRP_0231,.jpg,8785,235,171,3,0.0402,1.3743,f53f256a6addb47dcf68e19ed8fae839ce720e75c72b0ca0b90f0c804d0a1bf6,True,
IMG_0232,Rutile/6.jpg,/content/BSM-Project/data/raw/BSM/Rutile/6.jpg,Rutile,Rutile,GRP_0232,.jpg,3961,238,136,3,0.0324,1.75,d4b5ed6673d2fada9c072e9bdee5befebe2dadc18a9b90731519a3b289d02d6b,True,
IMG_0233,Rutile/60.jpg,/content/BSM-Project/data/raw/BSM/Rutile/60.jpg,Rutile,Rutile,GRP_0233,.jpg,12040,253,162,3,0.041,1.5617,429b32cf1d0609a942fdc1d3f50ea04896ea80e60db6504f4a974b69b5b6d12a,True,
IMG_0234,Rutile/61.jpg,/content/BSM-Project/data/raw/BSM/Rutile/61.jpg,Rutile,Rutile,GRP_0234,.jpg,7506,214,178,3,0.0381,1.2022,a99000d8b0b8ee61d830b2791294855c18937fe033a2da3f090bb848b482a2bb,True,
IMG_0235,Rutile/62.jpg,/content/BSM-Project/data/raw/BSM/Rutile/62.jpg,Rutile,Rutile,GRP_0235,.jpg,13590,216,169,3,0.0365,1.2781,4bc62d50977f382257d6eff4f997f30cb2c47f7f4cf4e0a3f9f0639196fe312d,True,
IMG_0236,Rutile/63.jpg,/content/BSM-Project/data/raw/BSM/Rutile/63.jpg,Rutile,Rutile,GRP_0236,.jpg,9724,232,190,3,0.0441,1.2211,b94f820da98e90662794345de38d56bdcc136f3fde0e6f71f0864c697100ff51,True,
IMG_0237,Rutile/64.jpg,/content/BSM-Project/data/raw/BSM/Rutile/64.jpg,Rutile,Rutile,GRP_0237,.jpg,17176,294,201,3,0.0591,1.4627,154252557700a73500eebf7fd96b5c1f470bc88d05d3cd7413e61550167b795b,True,
IMG_0238,Rutile/65.jpg,/content/BSM-Project/data/raw/BSM/Rutile/65.jpg,Rutile,Rutile,GRP_0238,.jpg,13166,277,207,3,0.0573,1.3382,5f59ff9921416fb12c08760223560847c3525b15dc499513a802c6f76b16a4f4,True,
IMG_0239,Rutile/66.jpg,/content/BSM-Project/data/raw/BSM/Rutile/66.jpg,Rutile,Rutile,GRP_0239,.jpg,7362,223,181,3,0.0404,1.232,ec90a8ab2003c135da6311368b88d9304b5de5e18e5cb803acd6135725515d07,True,
IMG_0240,Rutile/67.jpg,/content/BSM-Project/data/raw/BSM/Rutile/67.jpg,Rutile,Rutile,GRP_0240,.jpg,10972,240,178,3,0.0427,1.3483,8a3b01bc71babd1dc1a1243c79fb835679b6d99313b27dfedd718708bd5d73fa,True,
IMG_0241,Rutile/68.jpg,/content/BSM-Project/data/raw/BSM/Rutile/68.jpg,Rutile,Rutile,GRP_0241,.jpg,13160,232,175,3,0.0406,1.3257,e9dd3e3004176f70e4d3f6a5c4b272af70f2b1688450ebce08a93b8fdbfad821,True,
IMG_0242,Rutile/69.jpg,/content/BSM-Project/data/raw/BSM/Rutile/69.jpg,Rutile,Rutile,GRP_0242,.jpg,9095,246,175,3,0.043,1.4057,82cceebf77e94f4bb9d133d76c5d85476fdea0349c50ee8dc2a9663ecb45cc73,True,
IMG_0243,Rutile/7.jpg,/content/BSM-Project/data/raw/BSM/Rutile/7.jpg,Rutile,Rutile,GRP_0243,.jpg,7166,249,177,3,0.0441,1.4068,c074b45a924f03961806f3c30d015f244a1a34800273f622d3800f2f5f5bb372,True,
IMG_0244,Rutile/70.jpg,/content/BSM-Project/data/raw/BSM/Rutile/70.jpg,Rutile,Rutile,GRP_0244,.jpg,12822,274,168,3,0.046,1.631,92aa4fb1066662e0bb102245e499bbbedfa277e5500e5fe6d85d94c4c32e2e0a,True,
IMG_0245,Rutile/71.jpg,/content/BSM-Project/data/raw/BSM/Rutile/71.jpg,Rutile,Rutile,GRP_0245,.jpg,8918,244,169,3,0.0412,1.4438,7d41c6d76286c74b6c98e0ada9aaf03d515f59aac96017ade1dd2519e6a52035,True,
IMG_0246,Rutile/8.jpg,/content/BSM-Project/data/raw/BSM/Rutile/8.jpg,Rutile,Rutile,GRP_0246,.jpg,11640,235,192,3,0.0451,1.224,219d9f2717e1166bd893032815e61bc62ab7f0ba4ea4e518ff57b89a6f0f26c5,True,
IMG_0247,Rutile/9.jpg,/content/BSM-Project/data/raw/BSM/Rutile/9.jpg,Rutile,Rutile,GRP_0247,.jpg,12738,268,172,3,0.0461,1.5581,0aca7cd77640339f770a1b348509293ff37ea28e9bd05ca4413519a25086c1a7,True,
IMG_0248,Sillimanite/1.jpg,/content/BSM-Project/data/raw/BSM/Sillimanite/1.jpg,Sillimanite,Sillimanite,GRP_0248,.jpg,17433,416,180,3,0.0749,2.3111,353083614819f1aecad0588d9d09adafe418f72e216aa37da041ce6f3b43d782,True,
IMG_0249,Sillimanite/10.jpg,/content/BSM-Project/data/raw/BSM/Sillimanite/10.jpg,Sillimanite,Sillimanite,GRP_0249,.jpg,30596,335,293,3,0.0982,1.1433,c26818a0a9d5302b646b571f931b8ea540c355994b48b6de692f9140e30b4757,True,
IMG_0250,Sillimanite/11.jpg,/content/BSM-Project/data/raw/BSM/Sillimanite/11.jpg,Sillimanite,Sillimanite,GRP_0250,.jpg,31115,306,273,3,0.0835,1.1209,fa9a42b7fea795bbeeddf25e39365cb259ec8cd7299f4a224bf181178006d1e8,True,
IMG_0251,Sillimanite/12.jpg,/content/BSM-Project/data/raw/BSM/Sillimanite/12.jpg,Sillimanite,Sillimanite,GRP_0251,.jpg,29100,262,212,3,0.0555,1.2358,b53dd9157c8b0908e0bf9f0fec13a170500690aa98e63c4616181f185b83aa57,True,
IMG_0252,Sillimanite/13.jpg,/content/BSM-Project/data/raw/BSM/Sillimanite/13.jpg,Sillimanite,Sillimanite,GRP_0252,.jpg,23126,255,195,3,0.0497,1.3077,46f69a2a637283d68f2204f2331a6f9234979b429c458c2b3af44270866cf69c,True,
IMG_0253,Sillimanite/14.jpg,/content/BSM-Project/data/raw/BSM/Sillimanite/14.jpg,Sillimanite,Sillimanite,GRP_0253,.jpg,20837,337,216,3,0.0728,1.5602,1c0d1d0ca3f744708f530a831f5ee555e1167b8d414427640beba0fb46bb4c53,True,
IMG_0254,Sillimanite/15.jpg,/content/BSM-Project/data/raw/BSM/Sillimanite/15.jpg,Sillimanite,Sillimanite,GRP_0254,.jpg,23413,345,218,3,0.0752,1.5826,fae6af34546192b26765657f4ae9fc653c2222607bdb2f3d4c51edd949ceaf72,True,
IMG_0255,Sillimanite/16.jpg,/content/BSM-Project/data/raw/BSM/Sillimanite/16.jpg,Sillimanite,Sillimanite,GRP_0255,.jpg,17785,287,192,3,0.0551,1.4948,bb47e136db985156077e87a0c0ed3cc73c04a2e8ff66886596705e66e4b339f4,True,
IMG_0256,Sillimanite/17.jpg,/content/BSM-Project/data/raw/BSM/Sillimanite/17.jpg,Sillimanite,Sillimanite,GRP_0256,.jpg,18272,335,188,3,0.063,1.7819,e950020a3d38f83d5e0b580c85834aea2619efa34341fea0b7fd73bcfb9ef49a,True,
IMG_0257,Sillimanite/18.jpg,/content/BSM-Project/data/raw/BSM/Sillimanite/18.jpg,Sillimanite,Sillimanite,GRP_0257,.jpg,10797,102,241,3,0.0246,0.4232,07c12383d26fc0e6f3da29c08785336a1f7da77be3c591d6acc3376433628c1c,True,
IMG_0258,Sillimanite/19.jpg,/content/BSM-Project/data/raw/BSM/Sillimanite/19.jpg,Sillimanite,Sillimanite,GRP_0258,.jpg,13174,327,193,3,0.0631,1.6943,861ffb474c053dca09f9ab785fd532b6f3eb73f8d64242394c879992cf1d538c,True,
IMG_0259,Sillimanite/2.jpg,/content/BSM-Project/data/raw/BSM/Sillimanite/2.jpg,Sillimanite,Sillimanite,GRP_0259,.jpg,24133,342,231,3,0.079,1.4805,f2b6a03a54cd1ddb43c2158ab9f459ac81bfe84d352d8efdbaf94e888cfd9a56,True,
IMG_0260,Sillimanite/20.jpg,/content/BSM-Project/data/raw/BSM/Sillimanite/20.jpg,Sillimanite,Sillimanite,GRP_0260,.jpg,22099,248,267,3,0.0662,0.9288,cbbc6d2ec9d54045d40a2454aaaffbab708a524369ab488575ca85094d631538,True,
IMG_0261,Sillimanite/21.jpg,/content/BSM-Project/data/raw/BSM/Sillimanite/21.jpg,Sillimanite,Sillimanite,GRP_0261,.jpg,26917,391,275,3,0.1075,1.4218,9875f7c2d1341e258c0a1f9ed3e81dc307607379ea56d63b93b9ee95b73b8c12,True,
IMG_0262,Sillimanite/22.jpg,/content/BSM-Project/data/raw/BSM/Sillimanite/22.jpg,Sillimanite,Sillimanite,GRP_0262,.jpg,9581,160,197,3,0.0315,0.8122,9f50a319b0d69f1d3df316cd3129beceed4a1aa970683c9662187f0aedefd73e,True,
IMG_0263,Sillimanite/23.jpg,/content/BSM-Project/data/raw/BSM/Sillimanite/23.jpg,Sillimanite,Sillimanite,GRP_0263,.jpg,16636,258,155,3,0.04,1.6645,2b20a37a67a4a0bb9714f0b4a7b26642cbcdb1b7f9ebc6483090abccfe7d4962,True,
IMG_0264,Sillimanite/24.jpg,/content/BSM-Project/data/raw/BSM/Sillimanite/24.jpg,Sillimanite,Sillimanite,GRP_0264,.jpg,13351,200,160,3,0.032,1.25,7e0b0d26d487947f083aef39e9a4831ede372ce6ecddea1ee6767286abfca9e1,True,
IMG_0265,Sillimanite/25.jpg,/content/BSM-Project/data/raw/BSM/Sillimanite/25.jpg,Sillimanite,Sillimanite,GRP_0265,.jpg,11178,172,181,3,0.0311,0.9503,4448252e218c6ffd33c640e952c4714be8a159e6c51770c5851eb4ebf9c98408,True,
IMG_0266,Sillimanite/26.jpg,/content/BSM-Project/data/raw/BSM/Sillimanite/26.jpg,Sillimanite,Sillimanite,GRP_0266,.jpg,6458,142,182,3,0.0258,0.7802,b53cf2c21e884b34323afec36caa39d273be9bb375909256ae0d71b61b60e813,True,
IMG_0267,Sillimanite/27.jpg,/content/BSM-Project/data/raw/BSM/Sillimanite/27.jpg,Sillimanite,Sillimanite,GRP_0267,.jpg,14310,183,181,3,0.0331,1.011,acfae02b74ca212774cb7d89740cb42238807f828a36b0b726465cfa921fdbcb,True,
IMG_0268,Sillimanite/28.jpg,/content/BSM-Project/data/raw/BSM/Sillimanite/28.jpg,Sillimanite,Sillimanite,GRP_0268,.jpg,17291,200,187,3,0.0374,1.0695,e5053706f0f999c4e3e8126d8692c0ff16ed2185d47d4a2d9e649c466988839b,True,
IMG_0269,Sillimanite/29.jpg,/content/BSM-Project/data/raw/BSM/Sillimanite/29.jpg,Sillimanite,Sillimanite,GRP_0269,.jpg,14693,232,171,3,0.0397,1.3567,563fce21c96bae71e3fc815803fad457ed2f5c5583c6fb118a604edee9559ef4,True,
IMG_0270,Sillimanite/3.jpg,/content/BSM-Project/data/raw/BSM/Sillimanite/3.jpg,Sillimanite,Sillimanite,GRP_0270,.jpg,35113,370,261,3,0.0966,1.4176,fc1a777de3f992e2eb2d4f3912ed0a7b9692a1e855f03a0a0c1eab8006f99352,True,
IMG_0271,Sillimanite/30.jpg,/content/BSM-Project/data/raw/BSM/Sillimanite/30.jpg,Sillimanite,Sillimanite,GRP_0271,.jpg,15220,277,152,3,0.0421,1.8224,a693fb14890ce37fbe29b1c6506c1c8b960ebc5e57822c3b607818853e52e11c,True,
IMG_0272,Sillimanite/31.jpg,/content/BSM-Project/data/raw/BSM/Sillimanite/31.jpg,Sillimanite,Sillimanite,GRP_0272,.jpg,10027,280,151,3,0.0423,1.8543,f5a7b11b9e0994e34b433f9c15e694a950674bef8f8537229d7f5f126b8fea9e,True,
IMG_0273,Sillimanite/32.jpg,/content/BSM-Project/data/raw/BSM/Sillimanite/32.jpg,Sillimanite,Sillimanite,GRP_0273,.jpg,5614,182,137,3,0.0249,1.3285,b23e632ead4bc0609db5999af5529470e551e6b9c6a81ec7dc4fa782da025b28,True,
IMG_0274,Sillimanite/33.jpg,/content/BSM-Project/data/raw/BSM/Sillimanite/33.jpg,Sillimanite,Sillimanite,GRP_0274,.jpg,13819,238,186,3,0.0443,1.2796,2265629dc33f1051281dddf99018aba20c1c76d77dc3697103d575e99d92c96a,True,
IMG_0275,Sillimanite/34.jpg,/content/BSM-Project/data/raw/BSM/Sillimanite/34.jpg,Sillimanite,Sillimanite,GRP_0275,.jpg,7409,128,197,3,0.0252,0.6497,4251d3c9010efdb6904be11ed8cf003746368d16c542ceebdf63c05d0bcfab1d,True,
IMG_0276,Sillimanite/35.jpg,/content/BSM-Project/data/raw/BSM/Sillimanite/35.jpg,Sillimanite,Sillimanite,GRP_0276,.jpg,6043,202,141,3,0.0285,1.4326,0e16e5e60f2dab478b4de333276ddd0e498cbf18f397de591646128d1f2452ef,True,
IMG_0277,Sillimanite/36.jpg,/content/BSM-Project/data/raw/BSM/Sillimanite/36.jpg,Sillimanite,Sillimanite,GRP_0277,.jpg,9102,217,176,3,0.0382,1.233,0b258f17efa23637c8275b42c0eb6310245a3eed51f3164b63b6dfd4e26200e6,True,
IMG_0278,Sillimanite/37.jpg,/content/BSM-Project/data/raw/BSM/Sillimanite/37.jpg,Sillimanite,Sillimanite,GRP_0278,.jpg,16450,297,167,3,0.0496,1.7784,18b54cb08f7baf0ec593e55ae2727be3171753820f3a0d56fd10e45f708c2f79,True,
IMG_0279,Sillimanite/38.jpg,/content/BSM-Project/data/raw/BSM/Sillimanite/38.jpg,Sillimanite,Sillimanite,GRP_0279,.jpg,18424,236,186,3,0.0439,1.2688,ddbbd16c3b73dc90964331264465d83193e2ba357d0171c28b1fd94a6b93ce8f,True,
IMG_0280,Sillimanite/39.jpg,/content/BSM-Project/data/raw/BSM/Sillimanite/39.jpg,Sillimanite,Sillimanite,GRP_0280,.jpg,11419,201,191,3,0.0384,1.0524,7bef335796772ece5dfe5c66fb5113ef474dbea339fd3e4a4bccae7a8f4eeed5,True,
IMG_0281,Sillimanite/4.jpg,/content/BSM-Project/data/raw/BSM/Sillimanite/4.jpg,Sillimanite,Sillimanite,GRP_0281,.jpg,29272,302,192,3,0.058,1.5729,348f786c278c4996cc8a30e2b99228bdf44a679820f9d3432d66f0d1daa0e172,True,
IMG_0282,Sillimanite/40.jpg,/content/BSM-Project/data/raw/BSM/Sillimanite/40.jpg,Sillimanite,Sillimanite,GRP_0282,.jpg,8636,220,162,3,0.0356,1.358,f81bf06c5954307bc3a168c08787ae5fe0c5c2bc93aac329a92d4433a784a39b,True,
IMG_0283,Sillimanite/41.jpg,/content/BSM-Project/data/raw/BSM/Sillimanite/41.jpg,Sillimanite,Sillimanite,GRP_0283,.jpg,11050,195,175,3,0.0341,1.1143,f939ee3dd3beb7e1dcd4b5a26edf0cf2cd3d3805506dd4bd8123a4bf28c72ead,True,
IMG_0284,Sillimanite/42.jpg,/content/BSM-Project/data/raw/BSM/Sillimanite/42.jpg,Sillimanite,Sillimanite,GRP_0284,.jpg,6145,193,153,3,0.0295,1.2614,87a9c4f1e932b64021e916f04b908e8d10d0bfe6b3f7d83f30948fa67465edcd,True,
IMG_0285,Sillimanite/43.jpg,/content/BSM-Project/data/raw/BSM/Sillimanite/43.jpg,Sillimanite,Sillimanite,GRP_0285,.jpg,10366,247,176,3,0.0435,1.4034,0620a9b5a4feb37e0003dd82e4089317869582976dcbcf62c62418f140ba13c7,True,
IMG_0286,Sillimanite/44.jpg,/content/BSM-Project/data/raw/BSM/Sillimanite/44.jpg,Sillimanite,Sillimanite,GRP_0286,.jpg,6409,200,137,3,0.0274,1.4599,200e8ad78642a8d0cd15be83b468a4528b508e696115b3dd298a079279a61ad6,True,
IMG_0287,Sillimanite/45.jpg,/content/BSM-Project/data/raw/BSM/Sillimanite/45.jpg,Sillimanite,Sillimanite,GRP_0287,.jpg,5844,172,113,3,0.0194,1.5221,1b422f3a7e104149a40ae63c3a20637183dbc4ad854cd140fd0e02ed244aacd2,True,
IMG_0288,Sillimanite/46.jpg,/content/BSM-Project/data/raw/BSM/Sillimanite/46.jpg,Sillimanite,Sillimanite,GRP_0288,.jpg,9665,188,162,3,0.0305,1.1605,0eee8f4cb0fa9348ba97bb3ab0a0d309994bd2e3360d226e2090a6c0a4ab4995,True,
IMG_0289,Sillimanite/47.jpg,/content/BSM-Project/data/raw/BSM/Sillimanite/47.jpg,Sillimanite,Sillimanite,GRP_0289,.jpg,10516,217,167,3,0.0362,1.2994,3c94bf01a86f7dc459ca17ee01142b6253b421824531b878be0ef642fcb917c6,True,
IMG_0290,Sillimanite/48.jpg,/content/BSM-Project/data/raw/BSM/Sillimanite/48.jpg,Sillimanite,Sillimanite,GRP_0290,.jpg,7266,106,197,3,0.0209,0.5381,fcc18d9023fafc655c57b070f4fc766253ee4477a3815020967912948ba2c014,True,
IMG_0291,Sillimanite/49.jpg,/content/BSM-Project/data/raw/BSM/Sillimanite/49.jpg,Sillimanite,Sillimanite,GRP_0291,.jpg,23482,310,182,3,0.0564,1.7033,87d52b97d83825e4016f645425721894e85a873d70fbc027dcdf0bf177a98b64,True,
IMG_0292,Sillimanite/5.jpg,/content/BSM-Project/data/raw/BSM/Sillimanite/5.jpg,Sillimanite,Sillimanite,GRP_0292,.jpg,25540,350,252,3,0.0882,1.3889,bb88154d561350f9a27f00761bea5d3a2d29320a760c69f8128761b27a78257e,True,
IMG_0293,Sillimanite/50.jpg,/content/BSM-Project/data/raw/BSM/Sillimanite/50.jpg,Sillimanite,Sillimanite,GRP_0293,.jpg,9685,203,201,3,0.0408,1.01,d9c76b2f620ab1f6d945a6b5e3e3de878568d0782532a297f3fe7a80dde3008a,True,
IMG_0294,Sillimanite/51.jpg,/content/BSM-Project/data/raw/BSM/Sillimanite/51.jpg,Sillimanite,Sillimanite,GRP_0294,.jpg,9999,215,167,3,0.0359,1.2874,c9f893e595a9459a083e0a7ce1b11935a7603b829e905ca10d290db0ff64397a,True,
IMG_0295,Sillimanite/52.jpg,/content/BSM-Project/data/raw/BSM/Sillimanite/52.jpg,Sillimanite,Sillimanite,GRP_0295,.jpg,9458,177,153,3,0.0271,1.1569,41b042fe93207dd0c409b1e588539771d07f459de262a24652b2c2675c40e6e1,True,
IMG_0296,Sillimanite/53.jpg,/content/BSM-Project/data/raw/BSM/Sillimanite/53.jpg,Sillimanite,Sillimanite,GRP_0296,.jpg,12255,175,168,3,0.0294,1.0417,fdcd1b9ec7153d9d8f647e97020f4d48a462c3a1f2c07e5c3521a3109b5e756c,True,
IMG_0297,Sillimanite/54.jpg,/content/BSM-Project/data/raw/BSM/Sillimanite/54.jpg,Sillimanite,Sillimanite,GRP_0297,.jpg,18052,298,192,3,0.0572,1.5521,cc1f17718a9a7aad5fa1c43a4341253afbc18ff839a5a9ea001037bfdbffcc49,True,
IMG_0298,Sillimanite/55.jpg,/content/BSM-Project/data/raw/BSM/Sillimanite/55.jpg,Sillimanite,Sillimanite,GRP_0298,.jpg,6400,158,146,3,0.0231,1.0822,5aac73c38cb4c1028a254c53c687d811dcb5d79e06ffdcc83488dda02d895168,True,
IMG_0299,Sillimanite/56.jpg,/content/BSM-Project/data/raw/BSM/Sillimanite/56.jpg,Sillimanite,Sillimanite,GRP_0299,.jpg,6248,172,156,3,0.0268,1.1026,598423ba46b26330ca5092deca2d8f154779601822213f120dd859c3004f0564,True,
IMG_0300,Sillimanite/57.jpg,/content/BSM-Project/data/raw/BSM/Sillimanite/57.jpg,Sillimanite,Sillimanite,GRP_0300,.jpg,10338,250,177,3,0.0442,1.4124,2054ecac5c873f77ea5103a4fb47b2b4256b49b3aea7a9afba9895eec72944da,True,
IMG_0301,Sillimanite/58.jpg,/content/BSM-Project/data/raw/BSM/Sillimanite/58.jpg,Sillimanite,Sillimanite,GRP_0301,.jpg,9991,220,172,3,0.0378,1.2791,674cb12fb916550195f2ae5decf42b9fea6450707fdc9f2c51a963a30dd3cb95,True,
IMG_0302,Sillimanite/59.jpg,/content/BSM-Project/data/raw/BSM/Sillimanite/59.jpg,Sillimanite,Sillimanite,GRP_0302,.jpg,19957,290,180,3,0.0522,1.6111,c6d0a9164534f2e81ad1e8909ec81cfafe359e88141a7ae5fa6388d48b8932c3,True,
IMG_0303,Sillimanite/6.jpg,/content/BSM-Project/data/raw/BSM/Sillimanite/6.jpg,Sillimanite,Sillimanite,GRP_0303,.jpg,22023,346,250,3,0.0865,1.384,55e773646e36190f4feff1fa993f89e4d40b86665ca242eb98193f9c060f9b7d,True,
IMG_0304,Sillimanite/60.jpg,/content/BSM-Project/data/raw/BSM/Sillimanite/60.jpg,Sillimanite,Sillimanite,GRP_0304,.jpg,7175,198,151,3,0.0299,1.3113,f775ae57b0a51efdb2d7946a98c21f2b1af32907d795cadff0e3e0ea6db02c4d,True,
IMG_0305,Sillimanite/7.jpg,/content/BSM-Project/data/raw/BSM/Sillimanite/7.jpg,Sillimanite,Sillimanite,GRP_0305,.jpg,24326,312,227,3,0.0708,1.3744,10fc66146b345491f4e49f7ce322080a1953a9776a23074dc36257687ed5992a,True,
IMG_0306,Sillimanite/8.jpg,/content/BSM-Project/data/raw/BSM/Sillimanite/8.jpg,Sillimanite,Sillimanite,GRP_0306,.jpg,25563,327,242,3,0.0791,1.3512,5c29c071baa4453f1b95973127f3ee16637092ac193e9e28e9d4b3f0546bcd3b,True,
IMG_0307,Sillimanite/9.jpg,/content/BSM-Project/data/raw/BSM/Sillimanite/9.jpg,Sillimanite,Sillimanite,GRP_0307,.jpg,8936,246,187,3,0.046,1.3155,42370f4a6c4292045accb8165f8f225ccba2f202c284c6dd5baa811594ba24fe,True,
IMG_0308,Zircon/1.jpg,/content/BSM-Project/data/raw/BSM/Zircon/1.jpg,Zircon,Zircon,GRP_0308,.jpg,35555,390,286,3,0.1115,1.3636,994d844d2e1747a18103dca074c31fbf8cc34a2c6a42462a7f6561390d342c21,True,
IMG_0309,Zircon/10.jpg,/content/BSM-Project/data/raw/BSM/Zircon/10.jpg,Zircon,Zircon,GRP_0309,.jpg,7596,267,225,3,0.0601,1.1867,e83f3dfa09bafe00c87cdea6af26de879b0e5ab75171c77a4b53d92ac49a89b9,True,
IMG_0310,Zircon/11.jpg,/content/BSM-Project/data/raw/BSM/Zircon/11.jpg,Zircon,Zircon,GRP_0310,.jpg,44705,440,301,3,0.1324,1.4618,92b95fe01d496375a1694e4d2e9552623fbc282839dd27bc847f60e4a56d6f7f,True,
IMG_0311,Zircon/12.jpg,/content/BSM-Project/data/raw/BSM/Zircon/12.jpg,Zircon,Zircon,GRP_0311,.jpg,14029,192,225,3,0.0432,0.8533,3a98b3b32e767cdfcd6bfbd41cc4729ee4791477f2f599826af3fc9ac5f13bce,True,
IMG_0312,Zircon/13.jpg,/content/BSM-Project/data/raw/BSM/Zircon/13.jpg,Zircon,Zircon,GRP_0312,.jpg,8657,217,250,3,0.0542,0.868,e0737f5cd2b8d2e15dac078c1154587707480d68ad81ee9d91cc79524da8bfeb,True,
IMG_0313,Zircon/14.jpg,/content/BSM-Project/data/raw/BSM/Zircon/14.jpg,Zircon,Zircon,GRP_0313,.jpg,8580,240,171,3,0.041,1.4035,5fe5023696d64c1a7fd3659fa5027b3c704d35d700967848add5a0690490b503,True,
IMG_0314,Zircon/15.jpg,/content/BSM-Project/data/raw/BSM/Zircon/15.jpg,Zircon,Zircon,GRP_0314,.jpg,32678,390,233,3,0.0909,1.6738,fc5ff2c6e9b4c91865b714e89e62a9d54a1880743412c5a9800abd252c4978eb,True,
IMG_0315,Zircon/16.jpg,/content/BSM-Project/data/raw/BSM/Zircon/16.jpg,Zircon,Zircon,GRP_0315,.jpg,12998,335,226,3,0.0757,1.4823,00df5b6b933a47e0ff60019e348835435da996cc215518c62b18955beb1dab71,True,
IMG_0316,Zircon/17.jpg,/content/BSM-Project/data/raw/BSM/Zircon/17.jpg,Zircon,Zircon,GRP_0316,.jpg,18203,281,223,3,0.0627,1.2601,f83399e56208986457a893e5ec5b04cdf71c7a88fa88a0b79bc8a2fdfa74f015,True,
IMG_0317,Zircon/18.jpg,/content/BSM-Project/data/raw/BSM/Zircon/18.jpg,Zircon,Zircon,GRP_0317,.jpg,20732,346,230,3,0.0796,1.5043,58e3655ff3da494b00de59926c2bed8ba2c42aa14c1c8af8d2c1231361d10025,True,
IMG_0318,Zircon/19.jpg,/content/BSM-Project/data/raw/BSM/Zircon/19.jpg,Zircon,Zircon,GRP_0318,.jpg,15859,246,197,3,0.0485,1.2487,7c3cfce76c13d8af98c678eaf369b69f10b82827979ba06bbe3b7d8fafaa1f20,True,
IMG_0319,Zircon/2.jpg,/content/BSM-Project/data/raw/BSM/Zircon/2.jpg,Zircon,Zircon,GRP_0319,.jpg,15977,282,182,3,0.0513,1.5495,5d1470a553130bed3e08654e3a5e15491853a5fe49cc7bf6b5a5abec9d15c20f,True,
IMG_0320,Zircon/20.jpg,/content/BSM-Project/data/raw/BSM/Zircon/20.jpg,Zircon,Zircon,GRP_0320,.jpg,6804,241,151,3,0.0364,1.596,931fece644bbdb056edfbc2ab349165fcab21122483fb495df914e96655d45c3,True,
IMG_0321,Zircon/21.jpg,/content/BSM-Project/data/raw/BSM/Zircon/21.jpg,Zircon,Zircon,GRP_0321,.jpg,30365,342,247,3,0.0845,1.3846,af1ea9f3cdccf99eb08273f18e45ce2217c9e57ef49d1a5f30d2981e7c31464c,True,
IMG_0322,Zircon/22.jpg,/content/BSM-Project/data/raw/BSM/Zircon/22.jpg,Zircon,Zircon,GRP_0322,.jpg,19730,307,205,3,0.0629,1.4976,7b09933d64711a6d16f825ff5df2cbd008bcd08056b136d9b57159ad2b15e477,True,
IMG_0323,Zircon/23.jpg,/content/BSM-Project/data/raw/BSM/Zircon/23.jpg,Zircon,Zircon,GRP_0323,.jpg,47610,373,261,3,0.0974,1.4291,8a4deb4b16b68128ca90fe47e3a6b82c5c5c37e99b6272c49537678b818c14d2,True,
IMG_0324,Zircon/24.jpg,/content/BSM-Project/data/raw/BSM/Zircon/24.jpg,Zircon,Zircon,GRP_0324,.jpg,17209,331,192,3,0.0636,1.724,ca8b4d179b1bfcb052aa0d4df47cc468a4270e2f28c5a3ce2e12c4cd3f4d4ee0,True,
IMG_0325,Zircon/25.jpg,/content/BSM-Project/data/raw/BSM/Zircon/25.jpg,Zircon,Zircon,GRP_0325,.jpg,35167,401,272,3,0.1091,1.4743,78139706fb44679517cb3f36fa0eefa8ed9dc9628ea16e953dd76b52820acbc8,True,
IMG_0326,Zircon/26.jpg,/content/BSM-Project/data/raw/BSM/Zircon/26.jpg,Zircon,Zircon,GRP_0326,.jpg,18615,312,250,3,0.078,1.248,7b1663eabc44313d64e467a7af7413e52ca44c0f1a49f8c811e769241e828cfb,True,
IMG_0327,Zircon/27.jpg,/content/BSM-Project/data/raw/BSM/Zircon/27.jpg,Zircon,Zircon,GRP_0327,.jpg,28199,280,262,3,0.0734,1.0687,4bbf8774b78d98153c94faecf234a1673308102adc4202aa5e3af6ea3d83be1b,True,
IMG_0328,Zircon/28.jpg,/content/BSM-Project/data/raw/BSM/Zircon/28.jpg,Zircon,Zircon,GRP_0328,.jpg,27374,342,250,3,0.0855,1.368,4f4454fa091d77534190673d12ef2d1e10435658287d9088b56e3f40cebb9fc5,True,
IMG_0329,Zircon/29.jpg,/content/BSM-Project/data/raw/BSM/Zircon/29.jpg,Zircon,Zircon,GRP_0329,.jpg,15417,263,173,3,0.0455,1.5202,bf4a815534a7340401a417b66f324fab11c2d8dede6bf88a29418547c65b9a52,True,
IMG_0330,Zircon/3.jpg,/content/BSM-Project/data/raw/BSM/Zircon/3.jpg,Zircon,Zircon,GRP_0330,.jpg,9137,296,201,3,0.0595,1.4726,024ac8ec79fa712e92affbc9c1a059de8eb2584938d48b68f8fe9835a4e946ce,True,
IMG_0331,Zircon/30.jpg,/content/BSM-Project/data/raw/BSM/Zircon/30.jpg,Zircon,Zircon,GRP_0331,.jpg,29151,361,277,3,0.1,1.3032,99ac3fe0a7989d6a56c419ee56c45c9275821986629ce5b500536e04c8ed0d5b,True,
IMG_0332,Zircon/31.jpg,/content/BSM-Project/data/raw/BSM/Zircon/31.jpg,Zircon,Zircon,GRP_0332,.jpg,27089,342,268,3,0.0917,1.2761,39ab614a2175eee35c0e8512086ca4faac3ea41b9bfaa3e91dba07444a82fd58,True,
IMG_0333,Zircon/32.jpg,/content/BSM-Project/data/raw/BSM/Zircon/32.jpg,Zircon,Zircon,GRP_0333,.jpg,26871,395,282,3,0.1114,1.4007,d13fdbe8b23d564b3bab307c419cc6fe54cf81e017b430a2992c36b8e4e049e7,True,
IMG_0334,Zircon/33.jpg,/content/BSM-Project/data/raw/BSM/Zircon/33.jpg,Zircon,Zircon,GRP_0334,.jpg,14118,253,260,3,0.0658,0.9731,9a9479c5fcbdb27ae63a8f0601f7ca537c0d7805f5b28c39a7c7a74a722eed14,True,
IMG_0335,Zircon/34.jpg,/content/BSM-Project/data/raw/BSM/Zircon/34.jpg,Zircon,Zircon,GRP_0335,.jpg,24483,326,240,3,0.0782,1.3583,ed912eac2a67c8af6bfd97d8168b62c61c9506d4ed8f5d17463d2481893e9828,True,
IMG_0336,Zircon/35.jpg,/content/BSM-Project/data/raw/BSM/Zircon/35.jpg,Zircon,Zircon,GRP_0336,.jpg,33104,448,267,3,0.1196,1.6779,321b3e7ee429a7da761819cefd018b873f88b047c410f6d89022a03878d78baf,True,
IMG_0337,Zircon/36.jpg,/content/BSM-Project/data/raw/BSM/Zircon/36.jpg,Zircon,Zircon,GRP_0337,.jpg,17213,305,263,3,0.0802,1.1597,84c08cf2326aafdfde1ee2364e50d16dc8ddf170f9b56819b6364d2f5c9828ae,True,
IMG_0338,Zircon/37.jpg,/content/BSM-Project/data/raw/BSM/Zircon/37.jpg,Zircon,Zircon,GRP_0338,.jpg,22938,237,291,3,0.069,0.8144,9a5a0f8b1f4214641314a407846a539067a86d89095f91fb1a2e7589fd1b0bbb,True,
IMG_0339,Zircon/38.jpg,/content/BSM-Project/data/raw/BSM/Zircon/38.jpg,Zircon,Zircon,GRP_0339,.jpg,18546,288,237,3,0.0683,1.2152,3c8c367c45ae024a4a6a8017b09869c88481063e2b917ecfd30a6ae7b566b795,True,
IMG_0340,Zircon/39.jpg,/content/BSM-Project/data/raw/BSM/Zircon/39.jpg,Zircon,Zircon,GRP_0340,.jpg,43723,406,296,3,0.1202,1.3716,3d723dc5f9cbb1c4849adb9f60650fd83189d92b07068a3562e9438df9bac1de,True,
IMG_0341,Zircon/40.jpg,/content/BSM-Project/data/raw/BSM/Zircon/40.jpg,Zircon,Zircon,GRP_0341,.jpg,21551,327,247,3,0.0808,1.3239,c0740fb16416b9f03d37fd90106985ff9c61a26dd1dd549408ebe7391bd9ad22,True,
IMG_0342,Zircon/41.jpg,/content/BSM-Project/data/raw/BSM/Zircon/41.jpg,Zircon,Zircon,GRP_0342,.jpg,42243,467,273,3,0.1275,1.7106,f7cb7eed419f03d1ebec23ff743f8bf6219f803f37e8f9eccd56b1113bf854e1,True,
IMG_0343,Zircon/42.jpg,/content/BSM-Project/data/raw/BSM/Zircon/42.jpg,Zircon,Zircon,GRP_0343,.jpg,17526,207,231,3,0.0478,0.8961,6d04dadfd4f759304b6e97eaf5a6acb2d8971c12ae7aa39221cd1f93d720881f,True,
IMG_0344,Zircon/43.jpg,/content/BSM-Project/data/raw/BSM/Zircon/43.jpg,Zircon,Zircon,GRP_0344,.jpg,29389,211,266,3,0.0561,0.7932,c6842b697ddd33a90dbf331b577288f7eea50b575cb7b3f338f66d226ed8d419,True,
IMG_0345,Zircon/44.jpg,/content/BSM-Project/data/raw/BSM/Zircon/44.jpg,Zircon,Zircon,GRP_0345,.jpg,20430,212,246,3,0.0522,0.8618,7fa670e2c17b5cfb2499104a6be18a6f1e9549d0bcfbbb71790236a1a6124dd4,True,
IMG_0346,Zircon/45.jpg,/content/BSM-Project/data/raw/BSM/Zircon/45.jpg,Zircon,Zircon,GRP_0346,.jpg,21097,273,242,3,0.0661,1.1281,e8444ab9a0905206089d0796d597fe57dfb81454aecefa4db9e272607abdc92f,True,
IMG_0347,Zircon/46.jpg,/content/BSM-Project/data/raw/BSM/Zircon/46.jpg,Zircon,Zircon,GRP_0347,.jpg,11267,152,288,3,0.0438,0.5278,957c0c90bbf7e8433800d9d0ae5ff4236052766622c8d28e51dbf682748a176b,True,
IMG_0348,Zircon/47.jpg,/content/BSM-Project/data/raw/BSM/Zircon/47.jpg,Zircon,Zircon,GRP_0348,.jpg,13866,235,272,3,0.0639,0.864,3e815acae437851c08e3d3f6bef3ae223b1fa5a5d5f71706212c52c1f26ee325,True,
IMG_0349,Zircon/48.jpg,/content/BSM-Project/data/raw/BSM/Zircon/48.jpg,Zircon,Zircon,GRP_0349,.jpg,23137,295,247,3,0.0729,1.1943,63631ec325d21fd25030cb6b901e9846175bb8d35f756c4209200978acd9af3f,True,
IMG_0350,Zircon/49.jpg,/content/BSM-Project/data/raw/BSM/Zircon/49.jpg,Zircon,Zircon,GRP_0350,.jpg,22610,267,252,3,0.0673,1.0595,84a2b6336080d2a2f6e18013f3e17354a1d3a15cfe2bdacb17137dccc501532a,True,
IMG_0351,Zircon/5.jpg,/content/BSM-Project/data/raw/BSM/Zircon/5.jpg,Zircon,Zircon,GRP_0351,.jpg,12578,262,222,3,0.0582,1.1802,6d034d4be7a09593cc1d815e11152a39c45f94d80164f9378a7840f90bf40756,True,
IMG_0352,Zircon/50.jpg,/content/BSM-Project/data/raw/BSM/Zircon/50.jpg,Zircon,Zircon,GRP_0352,.jpg,30283,318,246,3,0.0782,1.2927,40afd6d83880cd049e3f074a6b4eb919aa0accfb7ebf8c15deffeda6857a65cd,True,
IMG_0353,Zircon/51.jpg,/content/BSM-Project/data/raw/BSM/Zircon/51.jpg,Zircon,Zircon,GRP_0353,.jpg,16927,241,180,3,0.0434,1.3389,97787d5ad499be26cee3359b2008d85ecf240fad754ffc43e9aeef3b7a4ec569,True,
IMG_0354,Zircon/52.jpg,/content/BSM-Project/data/raw/BSM/Zircon/52.jpg,Zircon,Zircon,GRP_0354,.jpg,21249,301,240,3,0.0722,1.2542,9352b7bbc42b809cfb00079bab31f357b9beefeaf95961bb78ee0dfa6a597289,True,
IMG_0355,Zircon/53.jpg,/content/BSM-Project/data/raw/BSM/Zircon/53.jpg,Zircon,Zircon,GRP_0355,.jpg,22829,372,252,3,0.0937,1.4762,02e806b9e44585d9a4e6b9ce96ad7e42176a5aa7d2d9d809c5635b071ed6163f,True,
IMG_0356,Zircon/54.jpg,/content/BSM-Project/data/raw/BSM/Zircon/54.jpg,Zircon,Zircon,GRP_0356,.jpg,12930,162,222,3,0.036,0.7297,62babf88d087a449f68c8987e8e8325db179f1be7d6b8c39c2c49292c7774c98,True,
IMG_0357,Zircon/55.jpg,/content/BSM-Project/data/raw/BSM/Zircon/55.jpg,Zircon,Zircon,GRP_0357,.jpg,18768,242,272,3,0.0658,0.8897,e9334311f1467698b3a0a12c90cdb1c45e4469321d14c5d5328c65b8175d37b5,True,
IMG_0358,Zircon/56.jpg,/content/BSM-Project/data/raw/BSM/Zircon/56.jpg,Zircon,Zircon,GRP_0358,.jpg,7228,191,220,3,0.042,0.8682,ef5781b793d320417e3be1b4779234af9e10d45b1dfbdfb8b33a682699968859,True,
IMG_0359,Zircon/57.jpg,/content/BSM-Project/data/raw/BSM/Zircon/57.jpg,Zircon,Zircon,GRP_0359,.jpg,20082,295,283,3,0.0835,1.0424,497373efdbcfc6561e2a51c6ce2e578e6042c6f39852f535dd73be88097df9f5,True,
IMG_0360,Zircon/58.jpg,/content/BSM-Project/data/raw/BSM/Zircon/58.jpg,Zircon,Zircon,GRP_0360,.jpg,19622,286,237,3,0.0678,1.2068,ee32706392d7bc331679dc8e5f3ef0115c62dd69f791ce5b143aac371351b21f,True,
IMG_0361,Zircon/59.jpg,/content/BSM-Project/data/raw/BSM/Zircon/59.jpg,Zircon,Zircon,GRP_0361,.jpg,19923,248,247,3,0.0613,1.004,66b6ccfe8a78f0044474800a23acd1081dda0db9476d3ee8f09b50c3aa992c14,True,
IMG_0362,Zircon/6.jpg,/content/BSM-Project/data/raw/BSM/Zircon/6.jpg,Zircon,Zircon,GRP_0362,.jpg,11990,338,231,3,0.0781,1.4632,4edc666169902e18947c886ceaa998796068998749f8b88c8b7eb69830f44dff,True,
IMG_0363,Zircon/60.jpg,/content/BSM-Project/data/raw/BSM/Zircon/60.jpg,Zircon,Zircon,GRP_0363,.jpg,12776,262,227,3,0.0595,1.1542,579db19ecc829b6b5560912d2d7f9d29464c831380225a5d3e2a1dfa6034081e,True,
IMG_0364,Zircon/7.jpg,/content/BSM-Project/data/raw/BSM/Zircon/7.jpg,Zircon,Zircon,GRP_0364,.jpg,8919,223,182,3,0.0406,1.2253,74612126dd4c25e40b8975c713d17e214c9d88baf5cd0f979a5bd99847367ce1,True,
IMG_0365,Zircon/8.jpg,/content/BSM-Project/data/raw/BSM/Zircon/8.jpg,Zircon,Zircon,GRP_0365,.jpg,17098,372,272,3,0.1012,1.3676,157d2ee3b42030398bfed19d6ae74e6fe3d460da0e713fc3fba8892c0e91f6b8,True,
IMG_0366,Zircon/9.jpg,/content/BSM-Project/data/raw/BSM/Zircon/9.jpg,Zircon,Zircon,GRP_0366,.jpg,32980,382,267,3,0.102,1.4307,9ba018d6835e3afdd0df9dd89d0e52d65e726508f8ea46c1bb4bef9eca66f60d,True,
