epoch,train_loss,val_loss,train_accuracy,val_accuracy,epoch_time_seconds
1,0.7576998984441161,0.7362962663173676,0.8580729166666666,0.7636363636363637,8.515190601348877
2,0.4674978454907735,0.6211002469062805,0.9990234375,0.8181818181818182,8.41896653175354
3,0.44996661723901826,0.6621972024440765,1.0,0.7454545454545455,8.396073818206787
4,0.44211143627762794,0.6413060128688812,1.0,0.8181818181818182,8.360382080078125
5,0.438222620015343,0.6447010934352875,1.0,0.8181818181818182,8.397091388702393
6,0.43651853036135435,0.6436916440725327,1.0,0.8363636363636363,8.472434759140015
7,0.4339765536909302,0.6626140773296356,1.0,0.8,8.413263082504272
8,0.43276714626699686,0.6545679271221161,1.0,0.8,8.437754154205322
9,0.43217708605031174,0.656744122505188,1.0,0.7636363636363637,8.39067554473877
10,0.4303133251766364,0.6482289135456085,1.0,0.8,8.477914571762085
11,0.42892910819500685,0.6575526595115662,1.0,0.7636363636363637,8.425194263458252
12,0.4298946413521965,0.7077211141586304,0.9996744791666666,0.7818181818181819,8.396427154541016
13,0.43273397379865247,0.697954386472702,0.9996744791666666,0.8,8.424715757369995
14,0.4740509754046798,0.8467057943344116,0.9899088541666666,0.7454545454545455,8.45079255104065
15,0.4625979907189806,0.916498601436615,0.9925130208333334,0.7454545454545455,8.47083306312561
16,0.44055047538131475,0.8494174182415009,1.0,0.7636363636363637,8.434027433395386
17,0.43159903430690366,0.7338835895061493,1.0,0.7090909090909091,8.403681516647339
18,0.43005078254888457,0.869963675737381,0.9993489583333334,0.6727272727272727,8.429028987884521
19,0.427744605888923,0.8031449913978577,0.9996744791666666,0.7272727272727273,8.42959713935852
20,0.4268164473275344,0.7623836994171143,1.0,0.7818181818181819,8.398780584335327
